PLAYER_ID,LEAGUE_ID,Team_ID,GP,GS,MIN,FGM,FGA,FG_PCT,FG3M,FG3A,FG3_PCT,FTM,FTA,FT_PCT,OREB,DREB,REB,AST,STL,BLK,TOV,PF,PTS
1630173,00,0,146,32,2707.0,425,923,0.460455,61,185,0.329729,162,274,0.59124,243,522,765,127,59,76,142,261,1073
203500,00,0,683,618,18317.0,2622,4460,0.587892,1,14,0.071428,1060,1965,0.53944,2478,3032,5510,1023,602,647,994,1698,6305
1628389,00,0,362,258,10323.0,1907,3430,0.555976,7,58,0.120689,1186,1583,0.74921,786,2243,3029,1250,359,325,767,904,5007
1630583,00,0,51,15,851.0,121,284,0.426056,30,120,0.25,42,64,0.65625,64,133,197,40,24,28,27,86,314
200746,00,0,1076,997,36242.0,8311,16872,0.492591,227,710,0.319718,3709,4563,0.812842,2776,5960,8736,2076,758,1187,1643,2598,20558
1629638,00,0,170,35,3189.0,559,1447,0.386316,235,713,0.329593,162,221,0.733031,62,365,427,364,118,57,226,265,1515
1628960,00,0,209,116,4656.0,669,1537,0.435263,391,983,0.397761,268,315,0.850793,78,467,545,330,123,39,179,293,1997
1628386,00,0,358,293,9606.0,1632,2617,0.623614,18,97,0.185567,892,1270,0.702362,989,2158,3147,489,196,486,485,724,4174
1630631,00,0,73,5,1213.0,192,424,0.45283,56,177,0.316384,47,67,0.701492,33,113,146,213,91,11,66,113,487
203937,00,0,520,250,10885.0,1351,2830,0.477385,218,650,0.335384,538,753,0.714475,382,1891,2273,1205,525,310,501,773,3458
203507,00,0,672,607,21875.0,5370,10043,0.5347,458,1598,0.286608,3618,5073,0.713187,1150,5181,6331,3107,779,872,1944,2022,14816
203648,00,0,137,11,1185.0,164,318,0.515723,9,54,0.166666,61,112,0.544642,108,150,258,85,45,25,83,164,398
2546,00,0,1260,1120,43514.0,10119,22643,0.446893,1731,4873,0.355222,6320,7764,0.814013,1983,5825,7808,3422,1223,644,3052,3543,28289
1630175,00,0,116,102,3454.0,598,1517,0.394199,197,583,0.337907,336,399,0.842105,73,515,588,578,79,38,284,283,1729
1628384,00,0,320,246,8757.0,1325,2822,0.469525,478,1296,0.368827,376,517,0.727272,339,1026,1365,471,377,156,387,742,3504
1627853,00,0,222,36,3736.0,349,811,0.430332,173,464,0.372844,134,166,0.807228,53,378,431,461,117,7,126,338,1005
201571,00,0,976,334,22852.0,2994,7270,0.411829,1262,3311,0.381153,2009,2317,0.867069,292,1513,1805,3761,567,32,1428,1350,9259
1630166,00,0,156,57,3729.0,436,1028,0.424124,152,484,0.314049,156,213,0.732394,94,694,788,281,103,74,150,392,1180
1629028,00,0,253,246,7737.0,1812,3025,0.599008,17,67,0.253731,478,636,0.751572,800,1846,2646,417,178,259,432,715,4119
1628962,00,0,38,6,273.0,46,64,0.71875,0,0,0.0,14,21,0.666666,25,69,94,1,4,17,17,35,106
1628963,00,0,175,85,4375.0,953,1891,0.503966,97,333,0.291291,368,549,0.670309,423,858,1281,155,91,117,224,378,2371
1630163,00,0,129,109,3989.0,853,1979,0.431025,322,858,0.375291,341,413,0.825665,171,643,814,905,203,49,401,381,2369
1628366,00,0,252,239,8187.0,1117,2790,0.400358,595,1633,0.36436,166,287,0.578397,262,1185,1447,1563,391,162,637,547,2995
1628964,00,0,245,80,4548.0,744,1566,0.475095,223,632,0.352848,192,279,0.688172,410,1048,1458,223,93,341,215,529,1903
1630217,00,0,156,105,4188.0,841,1813,0.463872,391,896,0.436383,232,261,0.888888,83,520,603,383,140,48,197,350,2305
1630625,00,0,79,3,864.0,118,284,0.415492,25,88,0.28409,40,60,0.666666,45,99,144,116,37,20,63,85,301
203084,00,0,765,704,24319.0,3873,8535,0.453778,1019,2703,0.376988,2037,2526,0.806413,784,3135,3919,1411,535,145,952,1211,10802
1630567,00,0,90,90,3153.0,555,1151,0.482189,80,255,0.313725,178,242,0.735537,226,439,665,339,95,68,172,217,1368
1629628,00,0,218,217,7327.0,1378,3310,0.416314,355,1022,0.347358,729,1036,0.703667,203,1007,1210,629,161,55,460,496,3840
203115,00,0,643,284,16578.0,2744,6358,0.431582,851,2411,0.352965,1066,1352,0.788461,462,2259,2721,1757,487,265,922,1017,7405
1629646,00,0,35,0,341.0,56,88,0.636363,2,10,0.2,17,26,0.653846,44,86,130,26,10,29,26,59,131
1628966,00,0,182,22,2755.0,382,815,0.468711,76,252,0.301587,154,212,0.726415,136,409,545,114,88,60,98,155,994
201587,00,0,936,807,28418.0,3647,8347,0.436923,1485,4095,0.362637,1462,1751,0.834951,929,3863,4792,3242,886,595,1560,1624,10241
203145,00,0,657,310,13546.0,1929,4668,0.413239,694,1947,0.356445,862,1190,0.724369,237,1835,2072,1154,658,309,905,1338,5414
1629647,00,0,200,117,5013.0,708,1736,0.407834,221,720,0.306944,295,432,0.68287,171,968,1139,255,119,157,266,203,1932
203078,00,0,659,625,22933.0,5305,11597,0.457445,1461,3921,0.372609,2490,3027,0.822596,571,2124,2695,2780,745,262,1603,1464,14561
1627736,00,0,358,89,7608.0,1389,3227,0.43043,747,1924,0.388253,275,335,0.820895,141,773,914,449,212,48,268,414,3800
202722,00,0,392,39,7423.0,1032,2434,0.423993,760,1906,0.39874,362,421,0.859857,129,921,1050,396,168,147,223,671,3186
201976,00,0,540,452,14793.0,1644,3996,0.411411,842,2245,0.375055,582,768,0.757812,601,1697,2298,1879,614,277,681,1675,4712
1630180,00,0,170,152,5175.0,813,2033,0.399901,414,1168,0.354452,403,477,0.844863,170,675,845,355,141,34,182,269,2443
203920,00,0,271,75,4735.0,527,1014,0.519723,14,69,0.202898,312,447,0.697986,540,686,1226,270,135,150,147,451,1380
1629048,00,0,161,21,1896.0,302,631,0.478605,52,210,0.247619,141,204,0.691176,179,286,465,128,46,147,100,292,797
202687,00,0,753,312,14914.0,1480,2794,0.529706,0,3,0.0,902,1601,0.563397,1469,3067,4536,455,193,976,689,1648,3862
202357,00,0,449,162,9172.0,1279,2746,0.465768,498,1296,0.384259,356,469,0.759061,486,1565,2051,825,288,184,459,1058,3412
202339,00,0,756,568,21020.0,3689,8169,0.451585,854,2545,0.335559,2116,2698,0.784284,570,2367,2937,3545,1028,344,1888,1493,10348
1629833,00,0,48,1,424.0,39,131,0.297709,23,80,0.2875,6,11,0.545454,19,36,55,23,15,1,22,37,107
203992,00,0,316,151,9042.0,1651,3760,0.439095,742,1934,0.38366,457,556,0.821942,146,937,1083,1073,325,73,468,678,4501
202711,00,0,624,507,18193.0,3280,7158,0.458228,1282,3268,0.392288,1634,1895,0.862269,335,1932,2267,997,343,42,1016,1017,9476
1629626,00,0,73,17,857.0,160,291,0.549828,29,74,0.391891,52,70,0.742857,40,183,223,35,12,58,68,59,401
1630195,00,0,38,2,262.0,19,61,0.311475,5,20,0.25,11,13,0.846153,17,27,44,23,8,1,15,30,54
1629067,00,0,143,57,1870.0,156,361,0.432132,39,130,0.3,88,116,0.75862,102,218,320,118,73,37,88,238,439
1626164,00,0,496,471,16768.0,4107,8991,0.45679,1022,2861,0.357217,2495,2868,0.869944,266,1698,1964,2339,415,138,1539,1457,11731
1630527,00,0,56,0,777.0,130,335,0.388059,36,114,0.315789,60,74,0.81081,18,95,113,51,26,13,31,44,356
1628449,00,0,246,23,4483.0,799,1656,0.482487,223,669,0.333333,449,576,0.779513,460,876,1336,125,126,284,137,525,2270
1630547,00,0,49,0,607.0,86,247,0.348178,31,105,0.295238,37,47,0.787234,26,65,91,51,14,5,33,57,240
202340,00,0,660,544,18152.0,2914,6716,0.433889,859,2353,0.365065,592,756,0.783068,397,1466,1863,1105,655,128,868,1427,7279
1628396,00,0,172,18,1973.0,341,538,0.633828,4,9,0.444444,92,136,0.67647,277,447,724,89,41,98,100,245,778
1629649,00,0,64,1,838.0,122,293,0.416382,39,124,0.314516,35,51,0.686274,36,86,122,58,14,7,31,73,318
1628969,00,0,328,261,10367.0,1429,2794,0.511453,454,1198,0.378964,479,573,0.835951,292,1019,1311,702,425,201,289,672,3791
1628970,00,0,291,188,8461.0,1465,3100,0.47258,434,1255,0.345816,529,654,0.808868,326,1315,1641,656,213,216,401,579,3893
1629052,00,0,121,41,2424.0,316,748,0.422459,132,367,0.359673,182,254,0.716535,156,376,532,102,76,52,76,180,946
1627763,00,0,349,258,10415.0,2000,4314,0.463606,549,1449,0.378881,827,939,0.880724,287,1173,1460,1655,294,81,622,671,5376
1629717,00,0,74,16,1364.0,176,481,0.365904,134,406,0.330049,25,33,0.757575,30,141,171,92,40,16,49,108,511
1628415,00,0,289,262,8195.0,1596,3797,0.420331,468,1346,0.347696,594,747,0.79518,222,668,890,593,274,84,460,958,4254
1628971,00,0,288,188,6858.0,898,1868,0.480728,136,404,0.336633,332,443,0.749435,340,899,1239,664,257,155,291,703,2264
1627759,00,0,422,315,12232.0,2661,5601,0.475093,763,2054,0.37147,1055,1465,0.720136,379,1739,2118,886,401,152,812,1061,7140
1629650,00,0,105,38,1374.0,234,413,0.566585,0,0,0.0,141,241,0.585062,207,352,559,13,39,68,69,166,609
1628425,00,0,264,29,4435.0,531,1263,0.420427,248,681,0.36417,121,152,0.796052,151,732,883,266,137,47,177,375,1431
1630535,00,0,52,6,662.0,86,197,0.436548,19,61,0.311475,44,70,0.628571,38,98,136,35,29,26,38,93,235
1629718,00,0,41,3,370.0,29,101,0.287128,9,42,0.214285,23,25,0.92,19,34,53,17,16,8,14,40,90
1630602,00,0,5,2,104.0,10,32,0.3125,6,18,0.333333,5,6,0.833333,1,15,16,4,2,0,1,7,31
1628972,00,0,237,53,4506.0,591,1372,0.430758,169,504,0.335317,187,244,0.766393,183,727,910,369,164,23,172,328,1538
1628973,00,0,297,147,7498.0,1434,2906,0.493461,309,840,0.367857,545,668,0.815868,126,789,915,1167,182,15,392,512,3722
1628418,00,0,174,109,3491.0,712,1200,0.593333,92,264,0.348484,257,339,0.758112,260,732,992,221,61,152,147,315,1773
203493,00,0,452,257,10293.0,1245,2943,0.423037,724,1902,0.380651,259,309,0.838187,159,991,1150,544,268,65,263,634,3473
203504,00,0,498,130,10401.0,1847,4500,0.410444,564,1637,0.344532,534,659,0.810318,164,714,878,1522,274,52,555,641,4792
202692,00,0,634,135,14570.0,2274,5438,0.418168,682,1791,0.380792,1569,1961,0.800101,373,1856,2229,1277,446,133,778,1209,6799
1630215,00,0,42,1,360.0,61,151,0.403973,28,88,0.318181,11,16,0.6875,5,40,45,63,17,8,33,47,161
202710,00,0,703,598,23327.0,4056,8807,0.460542,567,1763,0.32161,3815,4528,0.842535,1096,2648,3744,2915,1150,326,1144,1017,12494
1629719,00,0,36,1,228.0,41,66,0.621212,0,0,0.0,9,18,0.5,22,57,79,8,13,11,8,24,91
203484,00,0,701,559,20549.0,2900,6873,0.42194,1202,3310,0.363141,1122,1382,0.811866,433,1776,2209,1191,770,161,724,1292,8124
1630267,00,0,138,23,2661.0,230,624,0.368589,137,420,0.32619,141,171,0.824561,45,208,253,461,148,37,143,259,738
1628427,00,0,81,2,622.0,82,171,0.479532,26,73,0.356164,29,38,0.763157,25,79,104,43,18,10,32,56,219
1629962,00,0,13,0,219.0,26,72,0.361111,21,53,0.396226,11,14,0.785714,1,10,11,11,10,4,7,18,84
203991,00,0,489,428,13105.0,2640,4234,0.623523,0,3,0.0,770,1460,0.527397,1741,3496,5237,480,339,742,546,1187,6050
1630176,00,0,28,5,161.0,25,49,0.510204,1,7,0.142857,15,24,0.625,14,25,39,2,3,6,8,18,66
1628975,00,0,242,28,3661.0,417,1057,0.394512,250,646,0.386996,79,97,0.814432,86,352,438,387,154,63,142,319,1163
1628976,00,0,218,207,6085.0,1039,2024,0.513339,115,378,0.304232,532,719,0.739916,529,1410,1939,453,138,187,371,677,2725
1627936,00,0,244,42,5119.0,516,1223,0.421913,192,523,0.367112,265,359,0.738161,125,501,626,672,281,82,299,462,1489
1630551,00,0,38,0,289.0,34,70,0.485714,10,28,0.357142,9,9,1.0,38,37,75,11,8,4,8,33,87
1629185,00,0,91,4,1038.0,112,317,0.353312,59,172,0.343023,20,25,0.8,22,95,117,217,42,11,81,90,303
1627737,00,0,292,147,5338.0,830,1822,0.455543,161,555,0.29009,385,577,0.667244,362,1004,1366,298,187,227,348,738,2206
1630528,00,0,88,2,1435.0,240,540,0.444444,59,203,0.29064,84,115,0.730434,57,147,204,157,68,13,124,109,623
1629109,00,0,170,19,2239.0,177,504,0.35119,139,427,0.325526,31,37,0.837837,117,314,431,84,52,62,44,148,524
1629634,00,0,201,22,4342.0,913,1543,0.591704,49,169,0.28994,282,399,0.706766,346,760,1106,288,137,186,144,350,2157
203903,00,0,622,164,16890.0,3651,8311,0.439297,1134,3340,0.33952,1208,1458,0.828532,529,1528,2057,1630,523,97,1054,1050,9644
1629651,00,0,114,40,2294.0,401,601,0.667221,2,13,0.153846,118,228,0.517543,203,438,641,113,64,141,95,249,922
1629599,00,0,149,35,2357.0,300,673,0.445765,128,341,0.375366,158,196,0.806122,49,228,277,183,58,18,76,157,886
1628381,00,0,313,262,9131.0,1997,3595,0.555493,292,803,0.363636,803,1022,0.785714,747,1843,2590,480,183,330,474,975,5089
1628380,00,0,193,16,3392.0,449,983,0.456765,105,318,0.330188,187,252,0.742063,243,581,824,227,68,139,214,443,1190
201144,00,0,975,939,31115.0,5100,11630,0.438521,1521,3982,0.381968,2674,3265,0.818989,463,2450,2913,5541,1383,202,1925,1927,14395
1626192,00,0,420,35,7758.0,914,2059,0.443904,467,1284,0.363707,187,234,0.799145,286,1112,1398,523,200,118,223,486,2482
1629076,00,0,65,3,691.0,100,153,0.653594,1,2,0.5,45,75,0.6,50,112,162,21,15,6,31,68,246
1630536,00,0,13,0,39.0,3,14,0.214285,1,6,0.166666,0,0,0.0,0,5,5,5,0,0,5,1,7
202326,00,0,654,561,19509.0,4562,9924,0.459693,426,1288,0.330745,3252,4411,0.737247,1692,4972,6664,1979,874,742,2149,2421,12802
203496,00,0,549,460,16237.0,2104,5182,0.40602,1200,3328,0.360576,865,1063,0.813734,492,2674,3166,815,864,535,828,1618,6273
1628470,00,0,319,104,6038.0,709,1550,0.457419,263,785,0.335031,159,228,0.697368,369,811,1180,311,159,176,195,653,1840
203109,00,0,735,406,18561.0,2424,5808,0.417355,1146,3310,0.346223,1062,1366,0.777452,504,2637,3141,1182,736,254,640,1522,7056
1629633,00,0,136,42,2346.0,350,873,0.400916,91,321,0.283489,100,201,0.497512,118,247,365,167,94,52,129,225,891
1630595,00,0,76,76,2488.0,522,1255,0.415936,131,424,0.308962,178,211,0.843601,70,358,428,428,88,50,273,234,1353
203552,00,0,388,199,9742.0,1601,3360,0.476488,755,1718,0.439464,413,483,0.855072,122,745,867,859,280,57,437,642,4370
201939,00,0,845,839,29018.0,7078,14909,0.474746,3215,7512,0.427981,3289,3621,0.908312,564,3403,3967,5523,1389,191,2653,2019,20660
203076,00,0,620,615,21354.0,5534,10713,0.516568,296,983,0.301119,3447,4337,0.794789,1573,4793,6366,1454,850,1448,1213,1466,14811
202334,00,0,722,106,13757.0,1773,3128,0.566815,0,4,0.0,745,1277,0.583398,1590,3026,4616,539,349,566,532,1749,4291
1629056,00,0,180,20,3035.0,546,1245,0.438554,263,714,0.368347,144,172,0.837209,88,442,530,262,121,42,184,321,1499
201942,00,0,976,964,33452.0,7311,15693,0.465876,420,1454,0.288858,5324,6351,0.838293,715,3591,4306,3815,955,288,2026,2211,20366
203473,00,0,495,209,8697.0,1261,2382,0.529387,184,541,0.34011,486,660,0.736363,767,2131,2898,344,253,398,482,1247,3192
1628978,00,0,214,92,4971.0,675,1629,0.414364,325,935,0.347593,198,259,0.764478,208,759,967,532,228,51,288,353,1873
1628977,00,0,229,44,4260.0,744,1569,0.474187,73,269,0.271375,325,511,0.636007,231,648,879,245,183,64,228,504,1886
203476,00,0,607,209,12372.0,1705,3415,0.499267,182,500,0.364,916,1158,0.791018,1030,2424,3454,802,465,540,663,1299,4508
203915,00,0,406,203,10825.0,1750,4214,0.415282,607,1847,0.328641,1260,1592,0.791457,183,1043,1226,2027,280,107,700,943,5367
1629029,00,0,282,282,9599.0,2579,5600,0.460535,774,2309,0.33521,1625,2205,0.736961,290,2122,2412,2253,309,120,1143,640,7557
1629652,00,0,159,151,4634.0,722,1821,0.396485,305,927,0.329018,375,474,0.791139,131,444,575,245,147,47,211,448,2124
1630245,00,0,95,58,2641.0,358,693,0.516594,90,247,0.364372,67,93,0.72043,35,241,276,310,74,38,138,231,873
201609,00,0,906,530,25058.0,4521,9825,0.460152,1120,3087,0.362811,2191,2859,0.766351,635,2130,2765,4315,868,166,2025,2078,12353
203083,00,0,731,630,21467.0,4229,7838,0.53955,15,116,0.12931,1560,3286,0.474741,3292,6338,9630,1014,983,1060,1429,2276,10033
1630537,00,0,64,44,1717.0,296,692,0.427745,107,293,0.365187,101,124,0.814516,45,200,245,123,57,14,98,111,800
1630561,00,0,35,7,442.0,55,143,0.384615,9,41,0.219512,20,25,0.8,34,45,79,26,18,8,18,55,139
201142,00,0,960,957,35277.0,8930,17978,0.496718,1803,4710,0.382802,6478,7321,0.884851,667,6117,6784,4145,1035,1075,3033,1855,26141
1630162,00,0,164,147,5506.0,1217,2813,0.432634,440,1275,0.345098,496,641,0.77379,131,663,794,563,212,88,410,349,3370
1629035,00,0,72,1,705.0,98,269,0.364312,46,155,0.296774,25,33,0.757575,11,68,79,52,21,5,27,63,267
1630556,00,0,59,23,1025.0,113,279,0.405017,50,143,0.34965,17,21,0.809523,46,131,177,33,31,25,43,86,293
1629604,00,0,88,28,1367.0,146,374,0.390374,44,160,0.275,71,99,0.717171,77,182,259,97,41,22,61,143,407
201961,00,0,770,206,16101.0,2233,5441,0.410402,1214,3175,0.382362,510,605,0.842975,238,1405,1643,852,412,66,508,884,6190
203954,00,0,340,340,10665.0,2925,5960,0.490771,402,1200,0.335,2670,3292,0.811057,782,3071,3853,1135,295,563,1162,1049,8922
202324,00,0,790,503,19202.0,3420,6407,0.533791,38,192,0.197916,1476,2225,0.66337,1933,3675,5608,851,577,939,995,1976,8354
1628981,00,0,122,16,1145.0,165,309,0.53398,6,41,0.146341,61,101,0.60396,108,239,347,75,24,34,79,160,397
1627827,00,0,413,301,11397.0,1251,2814,0.444562,595,1656,0.359299,308,428,0.719626,604,1265,1869,572,337,179,356,889,3405
1630238,00,0,18,0,74.0,9,22,0.40909,6,12,0.5,0,0,0.0,2,18,20,5,0,0,2,7,24
1630201,00,0,103,20,1624.0,227,589,0.385398,100,291,0.343642,70,91,0.76923,22,175,197,223,64,12,64,134,624
1627854,00,0,416,167,8422.0,1342,3075,0.436422,711,1731,0.410745,328,399,0.822055,68,640,708,515,163,12,289,579,3723
1630235,00,0,96,6,1099.0,109,230,0.473913,10,53,0.188679,57,67,0.850746,34,111,145,158,39,10,69,66,285
203095,00,0,658,504,18736.0,3343,7526,0.444193,1310,3444,0.380371,1316,1648,0.798543,270,1528,1798,1698,579,101,1054,1582,9312
1628368,00,0,339,325,10875.0,2428,5216,0.46549,399,1230,0.32439,1319,1808,0.729535,178,1044,1222,2108,452,148,945,901,6574
1628982,00,0,32,0,290.0,35,103,0.339805,9,43,0.209302,8,15,0.533333,10,18,28,5,11,2,9,25,87
1628365,00,0,131,86,3251.0,593,1317,0.450265,48,183,0.262295,189,267,0.707865,87,338,425,623,147,27,247,256,1423
1629117,00,0,93,8,1059.0,133,271,0.490774,30,90,0.333333,66,99,0.666666,93,162,255,45,34,34,59,170,362
1629655,00,0,189,71,3093.0,574,826,0.694915,0,1,0.0,231,352,0.65625,326,489,815,126,75,247,155,399,1379
201568,00,0,728,563,21779.0,3454,8076,0.427686,1426,3732,0.3821,2993,3413,0.876941,501,3009,3510,1414,537,262,885,1305,11327
1629636,00,0,195,191,6549.0,1292,2924,0.44186,425,1117,0.380483,459,526,0.872623,93,401,494,1252,214,20,613,349,3468
1630586,00,0,41,3,519.0,46,91,0.505494,12,29,0.413793,18,28,0.642857,58,116,174,38,26,24,23,63,122
1630568,00,0,33,5,390.0,66,147,0.448979,16,49,0.32653,38,61,0.62295,58,42,100,20,9,6,18,55,186
200752,00,0,1076,779,33934.0,6582,14542,0.452619,1162,3333,0.348634,3077,3855,0.798184,1420,4741,6161,2233,1217,786,2218,2472,17403
202331,00,0,753,705,25290.0,5246,12031,0.43604,1897,4966,0.381997,3018,3559,0.847991,652,4179,4831,2710,1293,331,2046,1999,15407
201959,00,0,906,447,22043.0,3363,6496,0.517703,45,177,0.254237,1350,1891,0.713907,2044,3449,5493,884,506,929,991,2267,8121
1630581,00,0,71,71,2219.0,391,908,0.430616,70,266,0.263157,74,106,0.698113,125,419,544,443,58,28,231,126,926
1628983,00,0,262,253,8404.0,1791,3752,0.477345,318,913,0.348302,1111,1353,0.821138,178,1002,1180,1157,305,185,591,550,5011
1630264,00,0,86,8,894.0,116,210,0.55238,23,60,0.383333,64,79,0.810126,61,106,167,48,19,19,30,110,319
203497,00,0,629,537,18877.0,2885,4423,0.652272,0,13,0.0,2065,3224,0.640508,2094,5253,7347,824,425,1382,1035,1634,7835
1629164,00,0,133,11,1609.0,230,590,0.38983,79,251,0.314741,89,122,0.729508,34,177,211,251,54,5,104,130,628
203932,00,0,544,455,15747.0,2706,5830,0.46415,605,1865,0.324396,1135,1625,0.698461,883,2538,3421,1354,399,351,813,1080,7152
201569,00,0,765,586,24745.0,4240,9896,0.428455,1777,4796,0.370517,2215,2730,0.811355,302,1543,1845,2166,653,265,1503,1434,12472
1628984,00,0,259,163,7011.0,1027,2749,0.37359,656,1819,0.360637,489,594,0.823232,113,515,628,1244,214,40,410,349,3199
203924,00,0,574,289,15146.0,2312,5099,0.453422,631,1766,0.357304,1482,2043,0.725403,504,1768,2272,796,363,632,656,1303,6737
201980,00,0,819,709,20741.0,2524,5996,0.420947,1561,3908,0.399437,534,664,0.804216,498,2313,2811,1270,846,631,815,1437,7143
203110,00,0,704,554,20091.0,2248,5057,0.444532,579,1834,0.315703,1052,1479,0.711291,760,4105,4865,3870,973,724,1559,1987,6127
203210,00,0,505,165,10430.0,1488,3149,0.47253,394,1089,0.361799,578,736,0.785326,848,2011,2859,459,284,211,538,1323,3948
1630224,00,0,86,86,2791.0,548,1284,0.426791,210,604,0.347682,266,333,0.798798,44,264,308,249,59,23,194,138,1572
1629750,00,0,173,49,2779.0,336,631,0.532488,65,190,0.342105,155,203,0.763546,163,339,502,119,139,59,84,254,892
201145,00,0,1067,650,30783.0,4862,10830,0.448938,1094,3233,0.338385,2604,3234,0.805194,920,3623,4543,1644,725,542,1497,2304,13422
1630182,00,0,125,9,1847.0,212,417,0.508393,51,142,0.359154,69,105,0.657142,96,185,281,123,78,18,74,197,544
201933,00,0,731,678,23895.0,5364,10877,0.49315,518,1581,0.32764,3121,4482,0.69634,1446,4528,5974,3000,614,350,1714,1994,14367
1629656,00,0,56,11,950.0,112,278,0.402877,78,215,0.36279,16,23,0.695652,28,86,114,64,34,14,35,94,318
1629060,00,0,163,118,4560.0,827,1732,0.477482,137,383,0.357702,307,396,0.775252,164,679,843,234,109,32,176,296,2098
1630169,00,0,154,116,5080.0,858,1813,0.473248,333,820,0.406097,258,303,0.851485,115,455,570,1148,246,82,344,225,2307
1630181,00,0,132,15,2580.0,354,864,0.409722,107,312,0.342948,155,228,0.679824,60,341,401,271,78,27,157,182,970
203501,00,0,604,289,16265.0,2909,6938,0.419285,1288,3624,0.355408,1227,1506,0.814741,199,1488,1687,1131,379,86,640,1008,8333
201935,00,0,951,737,32947.0,6983,15794,0.442129,2613,7236,0.361111,7096,8251,0.860016,747,4610,5357,6487,1459,518,3565,2474,23675
203090,00,0,621,372,14019.0,1686,3554,0.474395,378,1182,0.319796,509,816,0.623774,658,1540,2198,572,583,399,521,1265,4259
1629607,00,0,16,0,67.0,15,34,0.441176,5,15,0.333333,7,8,0.875,2,2,4,15,4,1,5,6,42
1626149,00,0,476,34,10090.0,2414,3903,0.618498,9,77,0.116883,1164,1753,0.664004,883,1601,2484,651,256,387,526,1005,6001
203914,00,0,472,375,13577.0,2067,4614,0.447984,711,1959,0.36294,724,890,0.813483,286,886,1172,974,550,101,561,847,5569
203925,00,0,433,261,11067.0,1725,3607,0.478236,906,2090,0.433492,364,469,0.776119,248,1150,1398,713,212,85,488,894,4720
202699,00,0,771,651,24227.0,4823,10137,0.475781,1035,2821,0.366891,1929,2330,0.827896,774,3999,4773,1781,582,405,1100,1563,12610
1628404,00,0,316,138,8788.0,1098,2431,0.451665,439,1268,0.346214,474,643,0.737169,290,1580,1870,698,301,107,378,733,3109
1628392,00,0,185,11,2712.0,442,748,0.590909,22,65,0.338461,184,265,0.694339,292,500,792,264,101,162,175,423,1090
2617,00,0,874,500,21660.0,2660,5436,0.48933,6,62,0.096774,1236,1636,0.755501,1611,4171,5782,733,423,251,809,2059,6562
1630573,00,0,46,0,497.0,75,150,0.5,62,132,0.469696,7,9,0.777777,12,67,79,23,5,6,7,40,219
1629637,00,0,202,45,3503.0,597,951,0.62776,27,82,0.329268,364,505,0.720792,307,538,845,139,87,149,149,423,1585
1630165,00,0,114,67,2835.0,308,840,0.366666,82,297,0.276094,87,110,0.790909,53,285,338,512,128,55,232,304,785
202330,00,0,745,582,23186.0,4027,8887,0.453133,1038,2794,0.37151,2541,3081,0.824732,565,2784,3349,2624,733,299,1460,1293,11633
1627823,00,0,309,68,4863.0,564,1310,0.430534,256,734,0.348773,258,381,0.677165,253,805,1058,201,125,67,160,338,1642
1626195,00,0,313,46,4743.0,895,1679,0.533055,34,113,0.300884,464,660,0.70303,660,1162,1822,332,130,121,314,514,2288
1629639,00,0,188,46,5716.0,1163,2652,0.438536,429,1126,0.380994,405,475,0.852631,80,826,906,617,121,41,393,265,3160
1627741,00,0,487,316,14272.0,2828,6585,0.42946,1487,3750,0.396533,648,748,0.86631,368,1724,2092,1233,404,144,864,1029,7791
1629312,00,0,36,2,417.0,34,105,0.323809,15,57,0.263157,6,17,0.352941,20,56,76,14,11,5,14,24,89
201588,00,0,888,483,24072.0,3331,7307,0.455864,1045,2756,0.379172,1708,2122,0.804901,524,2159,2683,2745,788,230,1071,1731,9415
1630792,00,0,22,0,213.0,24,52,0.461538,13,36,0.361111,11,14,0.785714,11,25,36,8,7,3,3,24,72
1630207,00,0,23,0,96.0,15,43,0.348837,4,19,0.210526,7,10,0.7,1,8,9,8,7,2,6,8,41
1628988,00,0,264,57,4799.0,692,1679,0.41215,248,659,0.376327,250,299,0.83612,74,388,462,616,177,54,276,412,1882
201950,00,0,854,774,28292.0,5459,11872,0.459821,1199,3310,0.362235,1731,2225,0.777977,778,2656,3434,5484,1291,437,2325,1898,13848
203200,00,0,593,285,14431.0,1778,4470,0.397762,999,2746,0.363801,536,654,0.819571,222,1494,1716,876,563,260,517,983,5091
1626158,00,0,386,160,8034.0,1504,2481,0.606207,44,169,0.260355,590,792,0.744949,700,1491,2191,403,222,397,352,1046,3642
203918,00,0,448,253,10978.0,1688,4023,0.419587,647,1770,0.365536,633,753,0.840637,158,1002,1160,736,301,80,426,855,4656
201143,00,0,967,957,31128.0,5499,10674,0.515177,646,1768,0.365384,1535,2023,0.758774,1955,5924,7879,3189,769,1143,1451,2154,13179
1629659,00,0,153,24,3267.0,525,1214,0.432454,107,389,0.275064,228,292,0.780821,75,349,424,396,148,60,221,317,1385
1627863,00,0,222,100,5285.0,622,1452,0.428374,328,900,0.364444,260,341,0.762463,135,627,762,278,142,89,179,377,1832
2730,00,0,1242,1078,39456.0,7051,12016,0.5868,22,103,0.213592,5361,9455,0.567001,4151,10476,14627,1676,1081,2228,3302,3912,19485
1630210,00,0,68,1,381.0,79,207,0.381642,46,135,0.34074,27,32,0.84375,3,30,33,25,13,1,25,40,231
1628989,00,0,292,234,8702.0,1286,2960,0.434459,625,1615,0.386996,215,278,0.773381,171,844,1015,932,271,105,395,688,3412
1630190,00,0,54,4,498.0,57,174,0.327586,33,118,0.279661,10,13,0.76923,7,60,67,28,15,9,23,40,157
1630624,00,0,2,0,8.0,0,2,0.0,0,0,0.0,0,0,0.0,1,0,1,1,1,0,1,1,0
1629631,00,0,158,152,4880.0,759,1747,0.434459,239,671,0.356184,367,465,0.789247,101,552,653,244,106,54,227,455,2124
1630538,00,0,82,4,1590.0,293,731,0.40082,168,442,0.38009,139,163,0.85276,17,198,215,238,49,24,109,177,893
201586,00,0,917,697,25101.0,4572,8906,0.513361,614,1705,0.360117,1264,1669,0.757339,1891,4618,6509,749,371,1758,1184,2477,11022
2738,00,0,1223,784,39393.0,5021,10855,0.462551,1080,3269,0.330376,2829,3991,0.708844,1115,4915,6030,5128,1761,630,2231,2169,13951
204060,00,0,590,313,15157.0,1805,4016,0.449452,1071,2622,0.408466,413,538,0.767657,189,1725,1914,2213,544,90,927,1099,5094
1627742,00,0,383,344,12560.0,2578,5587,0.461428,522,1431,0.364779,1446,1871,0.772848,285,1687,1972,1482,273,220,930,925,7124
202681,00,0,624,624,21275.0,5304,11286,0.469962,1408,3602,0.390893,2396,2713,0.883155,482,1915,2397,3560,829,253,1624,1429,14412
1628371,00,0,136,106,3512.0,473,1088,0.434742,134,406,0.330049,189,237,0.797468,173,568,741,146,145,206,151,274,1269
1628402,00,0,213,31,3868.0,656,1554,0.422136,247,742,0.332884,257,327,0.785932,81,309,390,221,84,16,169,311,1816
1630543,00,0,54,18,855.0,167,293,0.569965,5,19,0.263157,97,141,0.687943,88,147,235,29,36,74,58,138,436
1628367,00,0,291,92,6718.0,1222,2939,0.415787,263,901,0.291897,569,837,0.679808,250,909,1159,534,251,169,536,733,3276
202704,00,0,724,487,18612.0,3517,8289,0.424297,979,2837,0.345082,1419,1658,0.85585,372,1804,2176,3111,500,90,1371,1419,9432
1628991,00,0,209,200,5651.0,1166,2573,0.453167,350,1000,0.35,631,799,0.789737,273,807,1080,241,183,385,347,779,3313
2544,00,0,1378,1377,52564.0,13662,27082,0.504467,2165,6273,0.345129,7882,10735,0.734233,1619,8698,10317,10122,2151,1050,4835,2541,37371
1629660,00,0,121,5,2063.0,308,762,0.404199,146,421,0.346793,88,109,0.807339,37,187,224,291,66,15,106,175,850
1630198,00,0,111,2,1113.0,134,360,0.372222,103,283,0.363957,54,64,0.84375,14,98,112,67,31,8,35,92,425
1629661,00,0,191,44,4625.0,695,1578,0.44043,411,1049,0.391801,202,241,0.838174,129,557,686,268,139,55,121,300,2003
1630525,00,0,2,0,2.0,0,1,0.0,0,1,0.0,0,0,0.0,0,0,0,0,0,0,0,0,0
1630552,00,0,42,0,386.0,58,117,0.495726,8,39,0.205128,15,22,0.681818,11,72,83,17,17,8,18,38,139
1629640,00,0,180,161,5267.0,996,2137,0.466073,290,761,0.381077,418,555,0.753153,200,820,1020,351,131,42,229,351,2700
1630553,00,0,43,12,803.0,112,317,0.353312,42,123,0.341463,43,57,0.754385,27,69,96,86,33,14,59,79,309
1626169,00,0,419,104,8408.0,963,2508,0.383971,322,1074,0.299813,384,509,0.75442,231,1078,1309,612,367,100,447,823,2632
203999,00,0,543,502,16532.0,4115,7559,0.544384,545,1585,0.343848,1948,2346,0.830349,1420,4191,5611,3422,649,386,1514,1513,10723
1627745,00,0,209,75,3112.0,448,680,0.658823,13,44,0.295454,235,335,0.701492,239,471,710,166,78,153,144,458,1144
1630529,00,0,93,84,2755.0,329,697,0.472022,68,208,0.326923,172,210,0.819047,117,235,352,198,146,71,115,290,898
1630539,00,0,32,0,142.0,21,34,0.617647,2,6,0.333333,8,16,0.5,8,21,29,6,3,9,8,15,52
1630222,00,0,36,1,385.0,59,138,0.427536,25,70,0.357142,52,79,0.658227,8,57,65,46,9,1,30,32,195
1630200,00,0,126,32,2017.0,293,633,0.462875,30,106,0.283018,135,162,0.833333,51,192,243,413,80,10,100,131,751
1626145,00,0,475,75,8849.0,1170,2687,0.435429,327,928,0.35237,341,421,0.809976,109,726,835,1779,456,35,346,389,3008
1627884,00,0,295,97,5732.0,707,1399,0.50536,137,464,0.295258,357,504,0.708333,374,626,1000,205,189,204,158,590,1908
201599,00,0,995,779,26434.0,3653,5422,0.673736,2,13,0.153846,1704,3586,0.475181,3025,7207,10232,947,540,1511,1352,2508,9012
202709,00,0,744,175,16384.0,2021,4559,0.443298,413,1198,0.344741,781,995,0.784924,373,1525,1898,2231,566,168,770,1215,5236
1628379,00,0,311,81,7271.0,1110,2460,0.451219,573,1342,0.426974,281,323,0.869969,81,807,888,611,155,44,292,455,3074
1630296,00,0,14,0,206.0,34,73,0.465753,6,21,0.285714,9,15,0.6,13,38,51,11,10,11,11,26,83
1630557,00,0,89,45,2124.0,272,592,0.459459,131,367,0.356948,66,77,0.857142,60,177,237,109,44,23,59,107,741
1628467,00,0,341,135,7762.0,847,1900,0.445789,418,1171,0.356959,270,340,0.794117,403,1214,1617,362,147,311,228,704,2382
1630233,00,0,78,2,566.0,83,191,0.434554,10,47,0.212765,89,118,0.754237,59,103,162,30,19,18,35,66,265
1628995,00,0,227,61,4209.0,598,1608,0.37189,255,748,0.340909,263,373,0.705093,120,537,657,177,86,65,191,358,1714
1629723,00,0,153,18,2567.0,287,561,0.511586,111,270,0.411111,63,92,0.684782,168,458,626,207,100,41,68,172,748
1627788,00,0,265,49,4904.0,717,1766,0.406002,381,1069,0.356407,253,329,0.768996,78,508,586,353,154,38,187,301,2068
1628436,00,0,163,35,2320.0,321,763,0.420707,146,449,0.325167,86,111,0.774774,108,326,434,160,53,136,66,178,874
1630249,00,0,38,8,711.0,72,174,0.413793,35,104,0.336538,19,22,0.863636,18,85,103,58,19,8,29,67,198
1629083,00,0,2,0,5.0,0,1,0.0,0,1,0.0,0,0,0.0,0,0,0,0,0,0,0,1,0
1630228,00,0,87,14,1441.0,269,544,0.494485,58,184,0.315217,147,210,0.7,67,210,277,78,37,30,96,176,743
1628398,00,0,361,231,11057.0,2158,4803,0.449302,680,2023,0.336134,725,1001,0.724275,396,1873,2269,822,202,192,696,752,5721
203897,00,0,493,406,15730.0,3493,7611,0.458941,1077,2799,0.38478,1718,2071,0.82955,232,1706,1938,1923,440,146,1305,1079,9781
1630237,00,0,39,5,661.0,76,175,0.434285,38,108,0.351851,18,21,0.857142,37,78,115,46,15,6,34,65,208
203087,00,0,573,136,11896.0,2127,4841,0.439372,601,1755,0.34245,950,1109,0.856627,303,1770,2073,904,417,218,466,924,5805
1629111,00,0,70,1,816.0,146,290,0.503448,32,115,0.27826,55,68,0.808823,88,112,200,57,15,26,43,89,379
1629641,00,0,108,13,1607.0,151,377,0.40053,41,144,0.284722,55,87,0.632183,73,134,207,55,43,33,46,120,398
1627774,00,0,243,49,3099.0,458,996,0.459839,131,437,0.299771,128,178,0.719101,102,315,417,127,99,71,122,254,1175
1627747,00,0,334,194,9275.0,1810,4171,0.433948,463,1384,0.334537,751,1016,0.739173,253,1035,1288,1335,354,109,637,682,4834
1627814,00,0,235,53,4927.0,675,1554,0.434362,303,821,0.369062,274,315,0.869841,113,707,820,336,168,22,172,379,1927
1630240,00,0,86,7,1388.0,169,388,0.435567,22,83,0.26506,117,160,0.73125,38,146,184,283,69,25,92,121,477
203458,00,0,575,235,10785.0,1684,3320,0.507228,110,334,0.329341,898,1315,0.682889,1078,2266,3344,489,224,550,675,1467,4376
202695,00,0,581,552,18137.0,4005,8125,0.492923,867,2266,0.382612,2258,2633,0.857576,700,3009,3709,1689,1016,368,938,995,11135
1630575,00,0,2,0,7.0,0,0,0.0,0,0,0.0,1,2,0.5,0,0,0,1,1,0,0,0,1
1630184,00,0,78,0,1246.0,189,483,0.391304,53,178,0.297752,53,63,0.841269,21,89,110,173,49,11,60,105,484
203081,00,0,722,722,26219.0,5809,13296,0.436898,2180,5863,0.371823,4001,4484,0.892283,435,2588,3023,4803,688,224,2037,1386,17799
1629642,00,0,158,30,2608.0,331,724,0.457182,109,336,0.324404,146,202,0.722772,128,393,521,117,51,66,86,222,917
1630587,00,0,39,10,784.0,79,187,0.422459,52,138,0.376811,27,34,0.794117,26,78,104,33,22,19,27,78,237
1626172,00,0,388,171,6495.0,790,1381,0.572049,10,58,0.172413,257,425,0.604705,726,1168,1894,563,187,217,226,832,1847
201572,00,0,887,847,26780.0,5556,11240,0.494306,698,2026,0.344521,2737,3439,0.79587,1806,3711,5517,1265,516,1585,1506,2346,14547
201577,00,0,953,604,20708.0,3450,6426,0.536881,53,180,0.294444,1291,1740,0.741954,2134,2491,4625,802,217,1036,1043,1827,8244
1629712,00,0,12,1,186.0,15,46,0.326086,11,31,0.354838,2,2,1.0,6,14,20,8,4,2,8,18,43
201567,00,0,828,660,25421.0,4761,10808,0.440507,1503,4024,0.373508,3449,4160,0.829086,2089,6692,8781,1959,530,345,1564,1648,14474
200768,00,0,1044,808,33379.0,4939,11650,0.423948,2022,5491,0.368238,3523,4326,0.814378,820,3757,4577,6599,1374,312,2472,2870,15423
1630994,00,0,4,0,44.0,5,19,0.263157,3,8,0.375,0,0,0.0,2,5,7,11,3,0,3,7,13
1627789,00,0,328,60,5254.0,648,1657,0.391068,320,956,0.334728,321,387,0.829457,124,532,656,293,132,42,232,605,1937
1626168,00,0,465,126,8451.0,1320,3000,0.44,415,1227,0.338223,555,753,0.737051,392,1606,1998,489,181,163,393,667,3610
1630177,00,0,134,56,2961.0,377,997,0.378134,159,489,0.325153,198,256,0.773437,48,336,384,378,100,26,225,213,1111
1630572,00,0,50,3,457.0,63,132,0.477272,23,60,0.383333,22,30,0.733333,38,55,93,23,9,9,17,32,171
1629611,00,0,210,58,4378.0,617,1237,0.498787,132,355,0.37183,244,311,0.784565,185,605,790,403,104,43,164,389,1610
1630544,00,0,77,30,1748.0,292,750,0.389333,124,361,0.34349,75,98,0.765306,35,187,222,125,61,13,89,130,783
1626246,00,0,292,25,2660.0,643,1121,0.573595,10,39,0.25641,399,522,0.764367,376,727,1103,140,55,92,193,330,1695
1628374,00,0,304,278,9127.0,1706,3810,0.447769,678,1860,0.364516,727,859,0.846332,358,1731,2089,404,200,158,402,572,4817
1630230,00,0,106,18,1818.0,237,588,0.403061,65,232,0.280172,146,193,0.756476,68,276,344,188,70,21,102,150,685
1628997,00,0,151,36,3164.0,430,933,0.460878,142,383,0.370757,151,206,0.733009,149,363,512,198,134,58,123,238,1153
1628998,00,0,172,24,3619.0,376,818,0.459657,95,294,0.323129,142,215,0.660465,172,432,604,360,164,53,145,246,989
1630231,00,0,143,15,3199.0,524,993,0.527693,114,321,0.35514,165,248,0.665322,181,461,642,177,73,91,125,239,1327
1629726,00,0,163,57,3187.0,327,810,0.403703,255,683,0.373352,277,329,0.841945,56,262,318,107,101,33,65,329,1186
202083,00,0,914,754,27602.0,3748,8922,0.420085,1796,4765,0.376915,1684,2044,0.823874,470,2153,2623,1795,898,184,1051,1913,10976
1630178,00,0,151,97,4132.0,807,1697,0.475545,206,514,0.400778,322,381,0.845144,43,353,396,507,96,49,159,270,2142
1630219,00,0,61,5,489.0,76,162,0.469135,22,65,0.338461,30,34,0.882352,15,45,60,47,21,2,19,24,204
1630540,00,0,49,2,426.0,40,128,0.3125,18,77,0.233766,9,16,0.5625,4,40,44,48,17,1,6,52,107
1630644,00,0,2,0,24.0,3,6,0.5,1,3,0.333333,1,1,1.0,0,3,3,1,1,1,3,5,8
203468,00,0,607,510,19222.0,4481,9872,0.45391,1409,3572,0.394456,1288,1591,0.809553,390,1737,2127,2148,547,233,1063,1285,11659
204456,00,0,499,86,11010.0,1515,3020,0.501655,116,355,0.32676,256,331,0.773413,273,1206,1479,2479,635,98,800,741,3402
1630183,00,0,152,77,3881.0,504,1080,0.466666,172,506,0.33992,110,150,0.733333,155,437,592,176,108,140,151,466,1290
1629667,00,0,138,22,2604.0,355,767,0.462842,108,303,0.356435,137,183,0.748633,118,382,500,168,82,56,118,278,955
203926,00,0,546,94,11410.0,1912,4015,0.476214,761,1858,0.40958,461,566,0.814487,229,1043,1272,521,115,56,364,806,5046
201580,00,0,836,343,14119.0,2822,4898,0.576153,12,66,0.181818,943,1561,0.604099,1563,2820,4383,362,330,1220,841,1841,6599
203585,00,0,292,122,5693.0,624,1488,0.419354,263,752,0.349734,146,221,0.660633,239,585,824,359,145,49,180,422,1657
1629162,00,0,158,7,2667.0,298,673,0.442793,96,282,0.340425,85,115,0.73913,54,221,275,554,154,21,129,135,777
203463,00,0,556,268,12534.0,1768,4270,0.414051,868,2392,0.362876,611,783,0.780332,222,1047,1269,563,353,106,608,1175,5015
1629001,00,0,253,66,5354.0,790,1926,0.410176,330,913,0.361445,258,339,0.761061,183,740,923,717,347,122,369,469,2168
1629002,00,0,157,26,2189.0,369,783,0.471264,73,242,0.301652,133,173,0.768786,94,466,560,121,79,59,125,189,944
203114,00,0,651,576,20693.0,4034,8801,0.458357,1216,3102,0.392005,1852,2103,0.880646,401,2765,3166,2461,794,123,1362,1666,11136
201988,00,0,840,105,17232.0,2717,6377,0.426062,1468,3771,0.389286,709,828,0.85628,252,1154,1406,1915,537,74,805,1086,7611
200794,00,0,1085,746,30498.0,5455,11158,0.488886,541,1588,0.34068,3085,4190,0.736276,2343,5330,7673,2378,1327,1045,1829,3248,14536
1629003,00,0,194,39,4062.0,707,1554,0.454954,201,551,0.364791,288,351,0.820512,100,369,469,507,100,53,231,374,1903
1630558,00,0,93,20,2412.0,401,947,0.423442,116,367,0.316076,62,94,0.659574,35,152,187,351,62,26,134,168,980
1628378,00,0,363,355,12313.0,3141,7081,0.443581,1028,2825,0.363893,1466,1753,0.83628,285,1223,1508,1635,472,106,1022,920,8776
1630596,00,0,89,89,3018.0,543,1051,0.51665,27,107,0.252336,217,325,0.667692,199,546,745,221,75,142,179,203,1330
1628370,00,0,327,38,6696.0,1243,2913,0.426707,543,1531,0.35467,388,465,0.834408,109,647,756,700,173,81,420,458,3417
202328,00,0,646,417,17670.0,3371,6556,0.514185,1,17,0.058823,1659,2361,0.702668,1799,3494,5293,1376,680,373,1198,1435,8402
1630541,00,0,70,12,874.0,108,254,0.425196,55,156,0.352564,46,58,0.793103,22,91,113,33,14,15,32,56,317
1629875,00,0,10,0,137.0,25,51,0.490196,5,14,0.357142,3,5,0.6,2,12,14,24,7,3,6,9,58
1629630,00,0,204,204,6576.0,1625,3427,0.474175,251,757,0.331571,944,1251,0.754596,209,735,944,1467,199,58,683,314,4445
1629752,00,0,52,0,313.0,31,59,0.525423,8,23,0.347826,6,11,0.545454,21,40,61,16,5,3,10,43,76
202693,00,0,727,376,17855.0,3032,6797,0.446079,619,1808,0.342367,1179,1518,0.776679,875,2866,3741,1165,583,371,1094,1980,7862
1628420,00,0,297,122,7530.0,1230,2570,0.478599,354,902,0.392461,288,350,0.822857,104,616,720,1130,233,52,231,338,3102
202694,00,0,737,456,20031.0,3367,7713,0.436535,1181,3125,0.37792,1283,1661,0.772426,657,2736,3393,1123,504,209,875,1593,9198
1628539,00,0,84,12,1209.0,169,409,0.413202,118,320,0.36875,27,38,0.710526,13,94,107,39,18,15,29,89,483
1630530,00,0,79,8,1323.0,178,419,0.424821,108,276,0.391304,72,80,0.9,67,154,221,60,40,14,27,89,536
1627749,00,0,340,269,8989.0,1793,3952,0.453694,258,780,0.330769,564,724,0.779005,337,1702,2039,1673,494,90,642,629,4408
1627750,00,0,360,285,10828.0,2170,4882,0.444489,698,1907,0.366019,847,969,0.874097,279,1037,1316,1397,344,111,709,662,5885
203488,00,0,446,31,6874.0,986,2157,0.457116,424,1131,0.374889,354,420,0.842857,359,1061,1420,389,151,219,264,654,2750
1629004,00,0,225,46,3759.0,514,1288,0.399068,293,825,0.355151,140,180,0.777777,70,328,398,298,132,21,203,229,1461
1626204,00,0,414,133,9931.0,1397,2613,0.534634,171,512,0.333984,414,599,0.691151,813,1859,2672,782,499,213,414,918,3379
1630612,00,0,14,0,63.0,6,18,0.333333,0,2,0.0,3,4,0.75,3,4,7,12,1,0,3,2,15
1630174,00,0,113,12,1568.0,185,458,0.40393,89,281,0.316725,60,76,0.789473,50,213,263,66,42,22,71,195,519
203526,00,0,400,98,6381.0,892,1963,0.454406,250,684,0.365497,318,395,0.805063,88,536,624,850,268,30,380,528,2352
1627777,00,0,325,18,4849.0,733,1664,0.440504,462,1132,0.408127,130,149,0.872483,88,576,664,272,96,39,187,489,2058
1630227,00,0,41,0,509.0,43,116,0.370689,20,59,0.338983,21,38,0.552631,10,47,57,76,29,3,51,36,127
1630192,00,0,97,2,1239.0,171,332,0.51506,63,148,0.425675,61,89,0.685393,83,148,231,29,27,18,36,131,466
203457,00,0,456,219,10148.0,1366,2495,0.547494,2,13,0.153846,580,885,0.655367,891,1916,2807,494,577,675,583,1169,3314
1629669,00,0,139,1,2223.0,434,990,0.438383,139,415,0.334939,152,189,0.804232,53,229,282,251,63,25,86,185,1159
1628373,00,0,274,60,4831.0,529,1425,0.371228,189,573,0.329842,155,200,0.775,90,410,500,634,196,59,301,535,1402
1629134,00,0,139,113,3838.0,757,1671,0.453022,274,762,0.35958,147,167,0.880239,43,338,381,389,110,30,217,273,1935
203994,00,0,428,347,10308.0,2083,4156,0.501203,44,165,0.266666,1054,1560,0.675641,1102,2581,3683,946,385,501,915,1344,5264
1628021,00,0,237,50,4583.0,603,1231,0.489845,87,272,0.319852,329,489,0.672801,236,630,866,246,177,106,163,447,1622
1629670,00,0,111,16,1808.0,288,717,0.401673,129,352,0.366477,78,94,0.829787,61,290,351,88,47,28,98,120,783
1626220,00,0,391,251,10264.0,893,2013,0.443616,479,1240,0.38629,232,293,0.791808,243,1622,1865,868,316,150,384,912,2497
1629643,00,0,133,46,3273.0,383,986,0.388438,185,572,0.323426,101,126,0.801587,110,494,604,245,156,73,104,177,1052
1629006,00,0,261,123,5126.0,519,1295,0.400772,145,538,0.269516,395,522,0.756704,230,508,738,284,243,104,225,500,1578
1630168,00,0,117,12,1994.0,312,471,0.66242,0,5,0.0,140,200,0.7,219,345,564,90,65,109,87,306,764
1630171,00,0,154,131,4527.0,468,1051,0.44529,123,398,0.309045,256,340,0.752941,148,298,446,259,129,49,159,394,1315
203506,00,0,462,395,15141.0,2958,6749,0.438287,744,2137,0.348151,1394,1764,0.790249,273,1844,2117,1824,748,218,1179,1103,8054
203482,00,0,632,188,14024.0,2322,4852,0.478565,767,2081,0.368572,1014,1294,0.783616,753,2440,3193,1317,493,298,938,1785,6425
1626224,00,0,347,181,8450.0,1248,2939,0.424634,542,1543,0.351263,415,577,0.719237,173,942,1115,734,246,52,403,721,3453
1626162,00,0,499,182,12695.0,2216,5109,0.433744,750,2270,0.330396,978,1307,0.748278,473,1706,2179,507,483,237,519,1276,6160
1629672,00,0,158,31,3085.0,580,1173,0.494458,95,291,0.32646,297,392,0.757653,140,369,509,214,53,25,164,244,1552
101108,00,0,1165,1165,40198.0,7426,15710,0.472692,1553,4220,0.368009,4626,5309,0.87135,719,4532,5251,11071,2470,174,2789,2823,21031
1626166,00,0,296,50,5423.0,913,2162,0.422294,314,860,0.365116,227,276,0.822463,93,573,666,991,205,67,364,515,2367
203901,00,0,500,395,13384.0,2086,4666,0.447063,190,662,0.287009,674,1082,0.62292,523,1484,2007,2867,588,151,1084,1000,5036
1627780,00,0,142,39,2056.0,313,577,0.542461,66,206,0.320388,48,84,0.571428,114,282,396,151,148,38,79,234,740
1630691,00,0,13,0,176.0,18,50,0.36,13,39,0.333333,1,2,0.5,6,26,32,7,0,7,5,12,50
1629033,00,0,92,0,775.0,86,278,0.309352,37,165,0.224242,46,50,0.92,16,105,121,96,28,6,58,67,255
203486,00,0,681,406,15309.0,2247,3847,0.584091,2,41,0.04878,1170,2099,0.557408,1420,3140,4560,1694,515,604,1026,1913,5666
1627751,00,0,436,184,8953.0,1462,2326,0.628546,2,3,0.666666,366,706,0.518413,1110,1611,2721,670,232,544,456,1005,3292
1630197,00,0,123,53,2713.0,391,999,0.391391,138,460,0.3,76,109,0.697247,127,486,613,256,71,110,216,178,996
1630582,00,0,12,0,71.0,5,16,0.3125,3,9,0.333333,0,2,0.0,5,7,12,1,1,4,1,6,13
1629673,00,0,205,76,5123.0,963,2314,0.416162,427,1266,0.337282,508,578,0.878892,64,447,511,630,139,49,372,433,2861
1629645,00,0,155,105,4532.0,796,1883,0.422729,291,834,0.34892,339,488,0.694672,113,522,635,758,158,52,447,402,2222
1629008,00,0,141,87,3546.0,771,1509,0.510934,289,687,0.420669,195,245,0.795918,185,674,859,153,87,87,156,284,2026
203490,00,0,512,318,13227.0,2074,4343,0.47755,676,1701,0.397413,556,698,0.796561,596,1974,2570,775,581,216,397,900,5380
1626171,00,0,472,125,10351.0,2131,4530,0.470419,501,1318,0.380121,514,682,0.753665,895,2299,3194,578,271,178,509,903,5277
204001,00,0,356,355,10993.0,2414,5432,0.444403,639,1808,0.353429,1290,1576,0.818527,629,2180,2809,586,247,663,591,1091,6757
203939,00,0,527,190,9992.0,1488,2534,0.587213,121,410,0.295121,925,1235,0.748987,824,1575,2399,533,334,248,363,1172,4022
1629619,00,0,11,0,52.0,5,17,0.294117,1,6,0.166666,2,2,1.0,1,5,6,3,1,0,3,8,13
1626181,00,0,442,193,9955.0,1783,3860,0.461917,631,1650,0.382424,873,1055,0.827488,167,981,1148,656,358,120,533,804,5070
1630563,00,0,54,16,1058.0,110,296,0.371621,45,149,0.302013,51,68,0.75,34,92,126,99,21,25,68,87,316
1627752,00,0,388,218,9289.0,1428,3413,0.4184,647,1743,0.371199,538,659,0.816388,198,1289,1487,668,319,163,600,798,4041
1630202,00,0,149,6,2406.0,367,842,0.435866,215,520,0.413461,66,74,0.891891,73,239,312,272,67,15,104,170,1015
1630243,00,0,10,0,74.0,15,33,0.454545,9,24,0.375,4,4,1.0,7,9,16,4,5,1,7,6,43
1629674,00,0,15,0,120.0,17,38,0.447368,0,0,0.0,11,17,0.647058,14,17,31,6,1,8,6,18,45
1630193,00,0,162,6,3499.0,574,1464,0.392076,281,778,0.361182,371,420,0.883333,67,406,473,466,108,18,182,317,1800
203944,00,0,538,458,16806.0,3526,7475,0.471705,488,1470,0.331972,2062,2771,0.744135,1070,3919,4989,1908,381,239,1481,1688,9602
1630559,00,0,79,26,1927.0,204,428,0.476635,72,217,0.331797,146,169,0.863905,58,194,252,148,37,26,60,115,626
1629629,00,0,150,70,3710.0,532,1350,0.394074,199,611,0.325695,295,349,0.845272,89,366,455,188,157,60,198,290,1558
1628432,00,0,93,7,1091.0,117,286,0.40909,56,146,0.383561,24,35,0.685714,21,154,175,75,39,12,39,97,314
1630194,00,0,81,2,686.0,120,216,0.555555,2,17,0.117647,15,28,0.535714,95,125,220,38,63,39,34,127,257
1629675,00,0,191,32,3233.0,680,1377,0.493827,160,465,0.344086,279,387,0.72093,225,557,782,187,97,177,182,463,1799
1630208,00,0,88,5,823.0,136,218,0.623853,0,1,0.0,84,117,0.717948,99,131,230,28,11,39,44,101,356
1626196,00,0,455,308,13421.0,1982,4640,0.427155,723,1980,0.365151,757,902,0.839246,320,1095,1415,1223,477,264,631,1051,5444
203085,00,0,665,175,15950.0,2129,5099,0.417532,749,2149,0.348534,758,1164,0.651202,217,1151,1368,1443,467,109,712,1405,5765
1629130,00,0,255,209,6913.0,981,2275,0.431208,784,1950,0.402051,193,224,0.861607,47,692,739,384,126,53,226,615,2939
1629011,00,0,242,128,5731.0,868,1201,0.722731,0,0,0.0,290,542,0.535055,808,984,1792,137,202,485,164,734,2026
1630526,00,0,68,48,1461.0,196,446,0.439461,81,222,0.364864,54,74,0.729729,103,255,358,67,44,24,49,111,527
1629676,00,0,125,62,2589.0,403,817,0.493268,87,234,0.371794,173,251,0.689243,170,429,599,198,94,76,164,295,1066
200765,00,0,957,733,28570.0,3886,8516,0.456317,449,1384,0.324421,1116,1826,0.611171,910,3439,4349,7584,1518,125,2586,1997,9337
201565,00,0,690,511,21552.0,4832,10590,0.456279,572,1807,0.316546,2116,2546,0.831107,545,1725,2270,3682,526,240,1709,860,12352
203082,00,0,688,186,17074.0,2800,6710,0.417287,1264,3492,0.36197,820,980,0.836734,240,1709,1949,866,566,225,681,1165,7684
1626179,00,0,490,248,12923.0,2283,5496,0.415393,985,2645,0.3724,755,920,0.820652,331,1596,1927,1582,448,116,615,705,6306
201937,00,0,665,601,20128.0,2407,6186,0.389104,616,1887,0.326444,1969,2335,0.843254,419,2341,2760,5045,1200,88,1737,1687,7399
1626156,00,0,444,380,13094.0,2827,6729,0.420121,1082,3044,0.355453,1053,1349,0.780578,233,1335,1568,2503,497,131,1250,828,7789
1630346,00,0,12,0,133.0,16,53,0.301886,14,39,0.358974,4,5,0.8,2,12,14,4,3,0,3,14,50
1627734,00,0,433,293,12389.0,2438,4555,0.535236,186,587,0.316865,1204,1651,0.729254,977,3038,4015,1604,323,191,1001,1331,6266
203967,00,0,364,205,9039.0,1505,3419,0.440187,514,1443,0.356202,677,808,0.837871,549,1563,2112,706,223,79,577,766,4201
203107,00,0,388,182,8616.0,997,2132,0.467636,237,670,0.353731,445,543,0.819521,312,805,1117,1586,309,60,513,658,2676
1630648,00,0,6,0,37.0,2,13,0.153846,2,7,0.285714,2,2,1.0,2,6,8,1,2,0,1,1,8
1629678,00,0,81,3,944.0,102,251,0.406374,51,159,0.320754,22,30,0.733333,32,120,152,45,13,9,29,130,277
203471,00,0,627,269,16565.0,3301,7582,0.435373,725,2147,0.33768,1524,1827,0.834154,267,1570,1837,2923,518,82,1483,1270,8851
1630206,00,0,22,1,206.0,32,82,0.390243,8,30,0.266666,12,15,0.8,4,26,30,9,8,3,14,14,84
1630578,00,0,88,26,1920.0,339,690,0.491304,33,134,0.246268,224,306,0.732026,194,345,539,223,72,86,181,271,935
1629012,00,0,240,213,7687.0,1727,3762,0.459064,345,918,0.375816,852,1031,0.826382,206,508,714,780,196,24,574,561,4651
1629013,00,0,272,83,6255.0,796,1941,0.410097,542,1392,0.389367,285,341,0.835777,56,422,478,434,121,41,185,496,2419
1630549,00,0,46,8,502.0,100,179,0.558659,4,10,0.4,32,53,0.603773,93,107,200,26,13,22,38,84,236
1627783,00,0,409,315,12101.0,2488,5087,0.489089,401,1220,0.328688,1136,1473,0.771215,570,2036,2606,1310,379,276,737,1113,6513
1627732,00,0,291,286,9791.0,1846,3286,0.561777,5,35,0.142857,827,1387,0.59625,539,1787,2326,2223,485,211,962,839,4524
1630250,00,0,10,0,37.0,4,16,0.25,1,6,0.166666,8,11,0.727272,5,5,10,0,1,1,2,6,17
1629014,00,0,229,53,5033.0,905,2134,0.424086,454,1169,0.388366,297,352,0.84375,74,438,512,498,93,27,269,388,2561
1630579,00,0,55,7,757.0,67,92,0.72826,0,0,0.0,20,39,0.51282,93,143,236,27,16,37,26,97,154
1630606,00,0,17,1,200.0,19,60,0.316666,8,27,0.296296,5,6,0.833333,5,19,24,16,6,3,11,12,51
203935,00,0,538,317,16067.0,1885,4913,0.383675,824,2565,0.321247,1042,1333,0.781695,440,1482,1922,2446,839,197,976,1392,5636
202397,00,0,725,167,14390.0,2338,5438,0.429937,302,927,0.325782,496,733,0.676671,263,1530,1793,2803,518,188,901,954,5474
1630188,00,0,97,28,1536.0,276,582,0.474226,65,218,0.298165,114,151,0.754966,144,342,486,48,21,61,73,152,731
1630270,00,0,9,0,39.0,2,10,0.2,1,8,0.125,0,0,0.0,2,4,6,1,0,0,0,2,5
203503,00,0,601,310,13092.0,1335,3097,0.431062,728,1848,0.393939,274,324,0.845679,172,1199,1371,669,266,138,329,846,3672
1630531,00,0,4,0,10.0,3,4,0.75,0,0,0.0,1,2,0.5,2,2,4,0,0,3,1,1,7
203917,00,0,343,63,6700.0,770,1981,0.388692,400,1131,0.353669,350,431,0.812064,78,613,691,515,139,80,340,426,2290
202362,00,0,554,200,12681.0,1885,4240,0.444575,373,1189,0.313708,595,857,0.694282,344,1907,2251,1621,357,76,908,1086,4738
1630205,00,0,112,19,1708.0,240,501,0.479041,27,102,0.264705,106,145,0.731034,78,205,283,72,50,37,69,175,613
1630191,00,0,154,100,3676.0,533,1019,0.523061,54,163,0.331288,186,260,0.715384,428,782,1210,160,69,175,168,440,1306
1629622,00,0,128,28,2747.0,441,1001,0.440559,289,754,0.383289,82,104,0.788461,41,274,315,150,54,24,90,204,1253
1630591,00,0,62,58,1711.0,263,703,0.37411,62,264,0.234848,149,198,0.752525,41,176,217,285,81,28,190,186,737
1630256,00,0,151,137,4167.0,689,1374,0.501455,125,402,0.310945,235,335,0.701492,275,532,807,410,160,77,242,523,1738
1628369,00,0,384,384,12885.0,2914,6369,0.457528,889,2334,0.380891,1503,1776,0.846283,337,2233,2570,1194,425,275,826,809,8220
1630678,00,0,45,9,826.0,146,247,0.591093,14,47,0.297872,40,56,0.714285,103,88,191,47,16,12,25,72,346
202066,00,0,696,287,14831.0,1576,3921,0.401938,695,2021,0.343889,561,759,0.73913,286,1336,1622,1191,577,235,641,1303,4408
1630179,00,0,13,0,59.0,6,17,0.352941,0,7,0.0,1,3,0.333333,0,6,6,6,5,0,2,3,13
1628464,00,0,306,147,5988.0,916,1682,0.544589,158,480,0.329166,327,453,0.721854,469,1040,1509,384,149,262,255,815,2317
1630271,00,0,44,1,459.0,47,126,0.373015,18,68,0.264705,34,51,0.666666,10,53,63,41,16,11,28,47,146
1630560,00,0,82,2,1409.0,250,588,0.42517,53,193,0.274611,120,147,0.816326,17,168,185,104,41,10,67,80,673
202738,00,0,550,362,15563.0,3167,7290,0.43443,1042,2876,0.362308,2339,2682,0.87211,283,1037,1320,2638,472,61,1242,1146,9715
1629744,00,0,126,1,1226.0,178,411,0.43309,109,270,0.403703,37,46,0.804347,19,136,155,61,22,4,38,74,502
202691,00,0,664,627,21782.0,4865,10658,0.456464,1978,4751,0.416333,1240,1461,0.848733,295,2017,2312,1541,589,355,1126,1398,12948
202684,00,0,730,478,19556.0,2654,5117,0.518663,10,38,0.263157,1274,2107,0.604651,2404,3716,6120,725,364,501,825,1655,6592
1630550,00,0,47,0,408.0,36,93,0.387096,11,47,0.234042,19,29,0.655172,19,53,72,27,11,16,19,34,102
1629680,00,0,212,75,4453.0,373,839,0.444576,148,464,0.318965,68,105,0.647619,120,282,402,225,326,194,124,444,962
1629681,00,0,54,4,642.0,62,184,0.336956,37,119,0.310924,14,19,0.736842,27,57,84,30,28,23,15,78,175
1630214,00,0,121,14,1879.0,278,539,0.515769,33,118,0.279661,83,134,0.619402,151,289,440,143,94,50,86,187,672
1630225,00,0,15,0,83.0,8,29,0.275862,4,18,0.222222,2,6,0.333333,3,9,12,4,4,2,4,4,22
1630167,00,0,154,10,2267.0,418,829,0.504221,107,335,0.319402,123,161,0.763975,109,373,482,127,51,53,96,181,1066
1629308,00,0,150,28,2498.0,275,532,0.516917,75,213,0.352112,69,111,0.621621,67,417,484,308,105,51,153,273,694
1626157,00,0,502,502,17158.0,4281,8127,0.526762,817,2077,0.393355,2219,2657,0.835152,1482,4153,5635,1593,405,677,1352,1712,11598
1629018,00,0,220,132,6199.0,1072,2588,0.414219,524,1371,0.382202,344,423,0.813238,90,396,486,313,253,50,159,350,3012
200782,00,0,797,601,23105.0,2042,4798,0.425593,821,2254,0.364241,702,939,0.747603,1203,3276,4479,1169,900,247,784,1960,5607
1629730,00,0,39,0,300.0,35,70,0.5,9,29,0.310344,38,49,0.77551,7,32,39,21,7,1,13,23,117
1626167,00,0,445,412,12781.0,2153,4382,0.491328,413,1172,0.352389,1021,1323,0.77173,634,2359,2993,533,320,1020,599,1299,5740
202685,00,0,714,685,18586.0,3797,6750,0.562518,167,458,0.364628,1808,2301,0.785745,2005,4737,6742,863,297,708,1176,2030,9569
1627832,00,0,361,212,10353.0,1694,4200,0.403333,835,2191,0.381104,780,907,0.859977,152,999,1151,1792,463,138,579,723,5003
1629020,00,0,186,117,3634.0,435,740,0.587837,10,41,0.243902,171,275,0.621818,390,800,1190,230,194,100,174,382,1051
1630170,00,0,149,53,3508.0,570,1330,0.428571,238,647,0.367851,161,195,0.825641,70,474,544,250,132,66,105,256,1539
1629216,00,0,143,34,2739.0,365,922,0.395878,195,579,0.336787,85,102,0.833333,36,186,222,334,101,16,155,284,1010
202696,00,0,760,699,23473.0,5511,11176,0.49311,587,1682,0.348989,1239,1632,0.759191,1934,6015,7949,2097,655,690,1333,1865,12848
1629731,00,0,140,53,2603.0,274,607,0.4514,152,407,0.373464,59,83,0.710843,79,363,442,142,73,37,54,210,759
1630532,00,0,99,99,3099.0,601,1265,0.475098,119,347,0.342939,265,307,0.863192,101,340,441,314,83,40,172,215,1586
1629021,00,0,198,37,3006.0,522,1077,0.484679,146,460,0.317391,303,372,0.814516,146,547,693,221,87,63,209,448,1493
1630688,00,0,49,0,410.0,47,119,0.394957,25,71,0.352112,7,12,0.583333,34,32,66,18,23,8,15,55,126
202689,00,0,741,696,24666.0,4975,11897,0.418172,1663,4614,0.360424,2801,3333,0.840384,415,2400,2815,3919,921,280,1570,1100,14414
1629022,00,0,224,72,4754.0,837,1989,0.420814,289,835,0.346107,263,334,0.787425,60,468,528,360,128,58,203,312,2226
202322,00,0,630,601,22210.0,4311,10002,0.431013,634,1969,0.32199,2652,3418,0.775892,353,2304,2657,5652,1035,431,2372,1364,11908
203933,00,0,332,236,9554.0,2124,4191,0.5068,247,692,0.356936,647,830,0.779518,449,923,1372,397,327,168,341,791,5142
1629023,00,0,207,166,6124.0,939,2079,0.451659,344,931,0.369495,298,417,0.714628,256,911,1167,469,190,202,339,537,2520
1630613,00,0,60,7,1086.0,200,498,0.401606,91,249,0.365461,46,63,0.730158,4,86,90,95,27,3,64,71,537
1629139,00,0,135,8,1703.0,207,472,0.438559,92,235,0.391489,64,96,0.666666,75,268,343,87,49,44,51,131,570
1630322,00,0,30,1,534.0,79,198,0.398989,60,168,0.357142,4,5,0.8,8,75,83,26,22,8,11,36,222
1630570,00,0,59,10,1042.0,163,305,0.534426,11,45,0.244444,85,109,0.779816,63,167,230,98,32,28,55,135,422
1629683,00,0,42,0,272.0,33,73,0.452054,3,16,0.1875,19,23,0.826086,6,26,32,24,12,4,18,41,88
201566,00,0,1038,1007,35905.0,8411,19231,0.437366,1164,3818,0.304871,5563,7108,0.782639,1708,5922,7630,8737,1717,320,4250,2729,23549
1629632,00,0,206,72,5719.0,996,2417,0.412081,449,1236,0.363268,317,375,0.845333,75,642,717,699,125,34,345,451,2758
1628401,00,0,283,174,7333.0,1125,2534,0.443962,370,1065,0.347417,621,739,0.840324,136,790,926,1068,222,218,371,621,3241
202355,00,0,511,332,12646.0,2687,4583,0.586297,8,26,0.307692,1068,1765,0.605099,1608,3915,5523,326,271,1143,756,1341,6450
1630580,00,0,29,0,205.0,20,56,0.357142,14,43,0.325581,7,13,0.538461,4,10,14,9,4,3,2,14,61
1630598,00,0,65,40,1519.0,192,413,0.464891,55,169,0.325443,77,103,0.747572,64,171,235,94,39,14,65,118,516
203952,00,0,617,617,21567.0,4424,9844,0.44941,893,2519,0.354505,2140,2961,0.722728,770,1984,2754,1436,623,414,1218,1357,11881
1629623,00,0,19,0,199.0,26,61,0.426229,9,26,0.346153,19,35,0.542857,3,22,25,23,5,1,12,17,80
1630314,00,0,24,16,640.0,105,282,0.37234,31,106,0.292452,68,97,0.70103,19,55,74,94,24,10,58,52,309
1629684,00,0,228,44,4597.0,460,1004,0.458167,209,554,0.377256,177,226,0.783185,186,533,719,244,110,126,183,564,1306
1629026,00,0,218,63,4779.0,571,1248,0.457532,181,523,0.34608,92,173,0.531791,295,672,967,426,184,71,187,442,1415
101150,00,0,1123,122,27102.0,5047,12045,0.419012,1457,4146,0.351423,4042,4803,0.841557,431,2053,2484,3789,952,192,1896,1439,15593
1630172,00,0,107,99,2897.0,378,772,0.489637,95,224,0.424107,143,190,0.752631,104,368,472,131,87,75,144,192,994
1630533,00,0,62,31,1346.0,191,424,0.450471,76,242,0.314049,43,55,0.781818,26,103,129,65,35,12,41,113,501
1629057,00,0,174,77,3460.0,557,765,0.728104,0,3,0.0,141,212,0.665094,438,717,1155,249,130,300,146,329,1255
1629627,00,0,99,99,3128.0,966,1609,0.600372,19,56,0.339285,550,802,0.685785,259,420,679,328,88,52,260,212,2501
1629685,00,0,81,0,972.0,94,228,0.41228,47,147,0.319727,36,45,0.8,41,155,196,67,33,15,48,84,271
1626159,00,0,332,124,8609.0,1090,2652,0.41101,223,713,0.312762,354,557,0.635547,342,1357,1699,856,295,134,481,758,2757
1630216,00,0,29,0,137.0,18,44,0.40909,10,23,0.434782,9,10,0.9,0,10,10,19,2,1,8,17,55
1630164,00,0,50,27,983.0,221,419,0.527446,12,38,0.315789,69,109,0.633027,66,202,268,37,12,40,68,147,523
1626174,00,0,239,122,5680.0,1259,2408,0.52284,300,781,0.384122,628,938,0.669509,354,1397,1751,317,145,199,356,443,3446
1630218,00,0,25,0,88.0,10,36,0.277777,2,10,0.2,5,10,0.5,9,18,27,5,1,4,2,7,27
1626153,00,0,415,70,8668.0,1090,2408,0.452657,279,791,0.352718,519,651,0.797235,326,1002,1328,1259,485,152,401,451,2978
1630589,00,0,4,0,15.0,1,4,0.25,0,1,0.0,3,3,1.0,1,2,3,2,0,1,0,0,5
1630593,00,0,6,0,24.0,3,7,0.428571,1,3,0.333333,0,0,0.0,1,1,2,5,1,0,1,1,7
1628221,00,0,2,0,21.0,2,7,0.285714,1,6,0.166666,3,5,0.6,0,2,2,4,2,1,1,4,8
201152,00,0,1101,717,32062.0,6009,11969,0.502046,516,1565,0.329712,1403,2114,0.66367,2211,4201,6412,2035,1555,450,1597,2378,13937
1629027,00,0,299,299,10074.0,2439,5581,0.437018,774,2197,0.352298,1960,2241,0.874609,200,942,1142,2722,278,45,1228,512,7612
1630209,00,0,56,12,706.0,130,247,0.526315,1,11,0.090909,38,61,0.62295,85,209,294,49,17,20,41,84,299
1627826,00,0,381,248,7490.0,1290,2157,0.598052,1,11,0.090909,641,858,0.747086,875,1719,2594,440,120,343,430,873,3222
