PLAYER_NAME,TEAM_NAME,POSITION,HEIGHT,WEIGHT,COUNTRY,BIRTHDATE,SEASON_EXP,DRAFT_NUMBER,GP,MIN,PTS,REB,AST,STL,BLK,SALARY
Precious Achiuwa,Raptors,Forward,6-8,225,Nigeria,1999-09-19T00:00:00,2,20,134,2462.0,968,681,111,57,69,2711280.0
Steven Adams,Grizzlies,Center,6-11,265,New Zealand,1993-07-20T00:00:00,9,12,664,17811.0,6157,5303,982,588,629,17073171.0
Bam Adebayo,Heat,Center-Forward,6-9,255,USA,1997-07-18T00:00:00,5,14,343,9666.0,4617,2850,1189,340,309,28103550.0
Santi Aldama,Grizzlies,Forward-Center,6-11,215,Spain,2001-01-10T00:00:00,1,30,32,360.0,132,87,21,6,10,1994520.0
LaMarcus Aldridge,Nets,Center-Forward,6-11,250,USA,1985-07-19T00:00:00,16,2,1076,36242.0,20558,8736,2076,758,1187,2641691.0
Nickeil Alexander-Walker,Jazz,Guard,6-5,205,Canada,1998-09-02T00:00:00,3,17,158,3064.0,1467,415,347,110,53,3261480.0
Grayson Allen,Bucks,Guard,6-4,198,USA,1995-10-08T00:00:00,4,21,192,4199.0,1806,490,285,108,34,4054695.0
Jarrett Allen,Cavaliers,Center,6-10,243,USA,1998-04-21T00:00:00,5,22,341,9062.0,3945,2964,467,187,465,20000000.0
Jose Alvarado,Pelicans,Guard,6-0,179,USA,1998-04-12T00:00:00,1,Undrafted,54,834.0,330,100,152,71,7,
Kyle Anderson,Timberwolves,Forward-Guard,6-9,230,USA,1993-09-20T00:00:00,8,30,505,10584.0,3366,2220,1167,510,298,9937150.0
Giannis Antetokounmpo,Bucks,Forward,6-11,242,Greece,1994-12-06T00:00:00,9,15,656,21354.0,14321,6149,3020,764,856,39344970.0
Thanasis Antetokounmpo,Bucks,Forward,6-6,219,Greece,1992-07-18T00:00:00,4,51,127,1159.0,398,250,83,45,24,1729217.0
Carmelo Anthony,Lakers,Forward,6-7,238,USA,1984-05-29T00:00:00,19,3,1260,43514.0,28289,7808,3422,1223,644,2641691.0
Cole Anthony,Magic,Guard,6-3,185,USA,2000-05-15T00:00:00,2,15,112,3332.0,1667,569,561,76,35,3449400.0
OG Anunoby,Raptors,Forward,6-7,232,United Kingdom,1997-07-17T00:00:00,5,23,301,8061.0,3144,1246,429,331,138,16071429.0
Ryan Arcidiacono,Bulls,Guard,6-3,195,USA,1994-03-26T00:00:00,6,Undrafted,217,3722.0,1005,429,460,115,7,586136.0
D.J. Augustin,Lakers,Guard,5-11,183,USA,1987-11-10T00:00:00,14,9,976,22852.0,9259,1805,3761,567,32,7622467.0
Deni Avdija,Wizards,Forward,6-9,210,Israel,2001-01-03T00:00:00,2,9,136,3241.0,1027,687,230,91,59,4692840.0
Deandre Ayton,Suns,Center,6-11,250,Bahamas,1998-07-23T00:00:00,4,1,236,7246.0,3843,2485,380,168,246,12632950.0
Udoka Azubuike,Jazz,Center-Forward,7-0,270,Nigeria,1999-09-17T00:00:00,2,27,32,252.0,96,84,0,2,15,2075880.0
Marvin Bagley III,Pistons,Forward,6-11,235,USA,1999-03-14T00:00:00,4,2,166,4159.0,2256,1224,151,82,110,11312114.0
LaMelo Ball,Hornets,Guard,6-7,180,USA,2001-08-22T00:00:00,2,3,126,3891.0,2311,803,884,200,48,8231760.0
Lonzo Ball,Bulls,Guard,6-6,190,USA,1997-10-27T00:00:00,5,2,252,8187.0,2995,1447,1563,391,162,18604651.0
Mo Bamba,Magic,Center,7-0,231,USA,1998-05-12T00:00:00,4,6,226,4193.0,1747,1372,201,88,326,7568742.0
Desmond Bane,Grizzlies,Guard,6-5,215,USA,1998-06-25T00:00:00,2,30,144,3785.0,2009,544,326,133,45,2033160.0
Dalano Banton,Raptors,Forward,6-7,204,Canada,1999-11-07T00:00:00,1,46,64,696.0,205,124,99,28,10,925258.0
Harrison Barnes,Kings,Forward,6-8,225,USA,1992-05-30T00:00:00,10,7,747,23763.0,10566,3817,1376,522,142,20284091.0
Scottie Barnes,Raptors,Forward,6-7,225,USA,2001-08-01T00:00:00,1,4,74,2617.0,1134,557,256,80,55,7280520.0
RJ Barrett,Knicks,Forward-Guard,6-6,214,Canada,2000-06-14T00:00:00,3,3,198,6633.0,3469,1101,568,151,53,8623920.0
Will Barton,Wizards,Guard,6-5,181,USA,1991-01-06T00:00:00,10,40,623,16123.0,7246,2655,1705,476,259,15384615.0
Charles Bassey,76ers,Center-Forward,6-9,230,Nigeria,2000-10-28T00:00:00,1,53,23,168.0,69,62,7,5,17,925258.0
Keita Bates-Diop,Spurs,Forward,6-8,229,USA,1996-01-23T00:00:00,4,48,163,2449.0,853,490,100,75,57,1729217.0
Nicolas Batum,Clippers,Guard-Forward,6-8,230,France,1988-12-14T00:00:00,14,25,915,28029.0,10149,4707,3215,874,579,12213507.0
Kent Bazemore,Lakers,Guard-Forward,6-4,195,USA,1989-07-01T00:00:00,10,Undrafted,657,13546.0,5414,2072,1154,658,309,2401537.0
Darius Bazley,Thunder,Forward,6-8,208,USA,2000-06-12T00:00:00,3,23,185,4768.0,1841,1078,237,110,136,2513040.0
Bradley Beal,Wizards,Guard,6-4,207,USA,1993-06-28T00:00:00,10,3,645,22418.0,14231,2641,2701,727,251,34502130.0
Malik Beasley,Jazz,Guard,6-4,187,USA,1996-11-26T00:00:00,6,19,336,7025.0,3488,825,418,190,44,14391964.0
Davis Bertans,Mavericks,Forward,6-10,225,Latvia,1992-11-12T00:00:00,6,42,387,7379.0,3165,1045,392,168,147,16000000.0
Patrick Beverley,Lakers,Guard,6-1,180,USA,1988-07-12T00:00:00,10,42,526,14410.0,4654,2243,1839,602,271,14320988.0
Saddiq Bey,Pistons,Forward,6-7,215,USA,1999-04-09T00:00:00,2,19,152,4613.0,2178,759,328,125,30,2824320.0
Khem Birch,Raptors,Center,6-9,233,Canada,1992-09-28T00:00:00,5,Undrafted,262,4664.0,1359,1216,267,131,149,6350000.0
Goga Bitadze,Pacers,Center-Forward,7-0,250,Georgia,1999-07-20T00:00:00,3,18,149,1762.0,752,433,115,40,139,3098400.0
Bismack Biyombo,Suns,Center,6-8,255,DRC,1992-08-28T00:00:00,11,7,738,14720.0,3814,4482,442,188,952,1366392.0
Nemanja Bjelica,Warriors,Forward,6-9,234,Serbia,1988-05-09T00:00:00,8,35,449,9172.0,3412,2051,825,288,184,2089448.0
Eric Bledsoe,Trail Blazers,Guard,6-1,214,USA,1989-12-09T00:00:00,13,18,756,21020.0,10348,2937,3545,1028,344,18125000.0
Keljin Blevins,Trail Blazers,Guard,6-4,200,USA,1995-11-24T00:00:00,2,,48,424.0,107,55,23,15,1,
Bogdan Bogdanovic,Hawks,Guard,6-6,225,Serbia,1992-08-18T00:00:00,5,27,316,9042.0,4501,1083,1073,325,73,18000000.0
Bojan Bogdanovic,Jazz,Forward,6-7,226,Croatia,1989-04-18T00:00:00,8,31,603,17519.0,9043,2184,945,334,42,18700000.0
Bol Bol,Magic,Center-Forward,7-2,220,Sudan,1999-11-16T00:00:00,3,44,53,327.0,142,63,18,6,18,2161152.0
Leandro Bolmaro,Jazz,Forward,6-6,200,Argentina,2000-09-11T00:00:00,1,23,35,241.0,50,43,21,6,0,2353320.0
Isaac Bonga,Raptors,Guard,6-8,180,Germany,1999-11-08T00:00:00,4,39,143,1870.0,439,320,118,73,37,1729217.0
Devin Booker,Suns,Guard,6-5,206,USA,1996-10-30T00:00:00,7,13,477,16072.0,11217,1865,2228,398,128,31610000.0
Brandon Boston,Clippers,Guard,6-6,188,USA,2001-11-28T00:00:00,1,51,51,760.0,343,111,51,26,13,925258.0
Chris Boucher,Raptors,Forward-Center,6-9,200,Saint Lucia,1993-01-11T00:00:00,5,Undrafted,231,4126.0,2076,1232,116,112,271,7009615.0
James Bouknight,Hornets,Guard,6-4,190,USA,2000-09-18T00:00:00,1,11,31,304.0,142,52,26,7,1,4154400.0
Avery Bradley,Lakers,Guard,6-3,180,USA,1990-11-26T00:00:00,12,19,660,18152.0,7279,1863,1105,655,128,2641691.0
Tony Bradley,Bulls,Center-Forward,6-10,248,USA,1998-01-08T00:00:00,5,28,167,1961.0,773,718,89,41,98,1789256.0
Ignas Brazdeikis,Magic,Forward,6-6,221,Canada,1999-01-08T00:00:00,3,47,64,838.0,318,122,58,14,7,
Mikal Bridges,Suns,Forward,6-6,209,USA,1996-08-30T00:00:00,4,10,309,9661.0,3483,1212,639,403,183,5557725.0
Miles Bridges,Hornets,Forward,6-7,225,USA,1998-03-21T00:00:00,4,12,291,8461.0,3893,1641,656,213,216,5421493.0
Oshae Brissett,Pacers,Forward-Guard,6-7,210,Canada,1998-06-20T00:00:00,3,Undrafted,107,2218.0,879,499,97,67,50,1701593.0
Malcolm Brogdon,Celtics,Guard,6-5,229,USA,1992-12-11T00:00:00,6,36,333,10052.0,5159,1398,1596,285,77,21700000.0
Armoni Brooks,Raptors,Guard,6-3,195,USA,1998-06-05T00:00:00,3,,74,1364.0,511,171,92,40,16,1489065.0
Dillon Brooks,Grizzlies,Guard-Forward,6-7,225,Canada,1996-01-22T00:00:00,5,45,272,7674.0,3955,829,546,260,82,12200000.0
Bruce Brown,Nuggets,Guard-Forward,6-4,202,USA,1996-08-15T00:00:00,4,42,269,6309.0,2056,1153,573,238,145,4736102.0
Jaylen Brown,Celtics,Guard-Forward,6-6,223,USA,1996-10-24T00:00:00,6,3,403,11559.0,6644,1994,822,381,146,24830357.0
Moses Brown,Clippers,Center,7-2,245,USA,1999-10-13T00:00:00,3,Undrafted,92,1297.0,552,532,12,39,64,1701593.0
Sterling Brown,Rockets,Guard-Forward,6-5,219,USA,1995-02-10T00:00:00,5,46,264,4435.0,1431,883,266,137,47,3000000.0
Greg Brown III,Trail Blazers,Forward,6-7,206,USA,2001-09-01T00:00:00,1,43,48,640.0,225,135,35,26,24,925258.0
Charlie Brown Jr.,76ers,Guard,6-6,199,USA,1997-02-02T00:00:00,3,Undrafted,41,370.0,90,53,17,16,8,
Chaundee Brown Jr.,Hawks,Forward,6-5,215,USA,1998-12-04T00:00:00,2,Undrafted,5,104.0,31,16,4,2,0,
Troy Brown Jr.,Lakers,Guard-Forward,6-6,215,USA,1999-07-28T00:00:00,4,15,221,4090.0,1408,836,353,152,23,5170564.0
Jalen Brunson,Knicks,Guard,6-1,190,USA,1996-08-31T00:00:00,4,33,277,6835.0,3286,843,1034,160,12,1802057.0
Thomas Bryant,Lakers,Center-Forward,6-10,248,USA,1997-07-31T00:00:00,5,42,170,3425.0,1733,971,219,61,147,8730159.0
Reggie Bullock,Mavericks,Guard-Forward,6-6,205,USA,1991-03-16T00:00:00,9,25,434,9775.0,3382,1095,524,252,63,9536000.0
Trey Burke,Rockets,Guard,6-0,185,USA,1992-11-12T00:00:00,9,9,498,10401.0,4792,878,1522,274,52,3333333.0
Alec Burks,Pistons,Guard,6-6,214,USA,1991-07-20T00:00:00,11,12,625,14378.0,6649,2210,1264,438,132,9536000.0
Jared Butler,Jazz,Guard,6-3,193,USA,2000-08-25T00:00:00,1,40,42,360.0,161,45,63,17,8,925258.0
Jimmy Butler,Heat,Forward,6-7,230,USA,1989-09-14T00:00:00,11,30,690,22863.0,12222,3658,2836,1127,323,36016200.0
Devontae Cacok,Trail Blazers,Forward,6-7,240,USA,1996-10-08T00:00:00,3,Undrafted,36,228.0,91,79,8,13,11,
Kentavious Caldwell-Pope,Nuggets,Guard,6-5,204,USA,1993-02-18T00:00:00,9,8,683,19972.0,7911,2148,1150,748,154,13038862.0
Facundo Campazzo,Nuggets,Guard,5-10,195,Argentina,1991-03-23T00:00:00,3,Undrafted,130,2609.0,728,251,452,142,37,3804150.0
Vlatko Cancar,Nuggets,Forward,6-8,236,Slovenia,1997-04-10T00:00:00,3,49,70,503.0,164,91,34,14,6,1782621.0
Devin Cannady,Magic,Guard,6-2,183,USA,1996-05-21T00:00:00,2,,13,219.0,84,11,11,10,4,
Clint Capela,Hawks,Center,6-10,256,Switzerland,1994-05-18T00:00:00,8,25,471,12614.0,5851,5023,465,328,713,17103448.0
Vernon Carey Jr.,Wizards,Forward-Center,6-9,270,USA,2001-02-25T00:00:00,2,32,26,159.0,66,39,2,3,6,1517981.0
Jevon Carter,Bucks,Guard,6-1,200,USA,1995-09-14T00:00:00,4,32,223,3144.0,984,386,320,126,51,4107149.0
Wendell Carter Jr.,Magic,Center-Forward,6-10,270,USA,1999-04-16T00:00:00,4,7,203,5593.0,2476,1803,404,130,179,6920027.0
Alex Caruso,Bulls,Guard,6-5,186,USA,1994-02-28T00:00:00,5,Undrafted,225,4631.0,1386,573,601,252,67,8604651.0
Justin Champagnie,Raptors,Guard-Forward,6-6,206,USA,2001-06-29T00:00:00,1,Undrafted,36,281.0,81,72,11,8,4,
Chris Chiozza,Warriors,Guard,5-11,175,USA,1995-11-21T00:00:00,4,Undrafted,91,1038.0,303,117,217,42,11,
Marquese Chriss,Rockets,Forward,6-9,240,USA,1997-07-02T00:00:00,6,8,292,5338.0,2206,1366,298,187,227,958529.0
Josh Christopher,Rockets,Guard,6-3,215,USA,2001-12-08T00:00:00,1,24,74,1334.0,587,186,150,65,13,2259240.0
Gary Clark,Pelicans,Forward,6-6,225,USA,1994-11-16T00:00:00,4,Undrafted,170,2239.0,524,431,84,52,62,377645.0
Brandon Clarke,Grizzlies,Forward,6-8,215,Canada,1996-09-19T00:00:00,3,21,181,3961.0,1976,1015,262,131,167,2726880.0
Jordan Clarkson,Jazz,Guard,6-4,194,USA,1992-06-07T00:00:00,8,46,600,16190.0,9216,1971,1526,515,88,12420000.0
Nic Claxton,Nets,Center,6-11,215,USA,1999-04-17T00:00:00,3,31,94,1755.0,688,474,87,48,99,1782621.0
Amir Coffey,Clippers,Guard-Forward,6-7,210,USA,1997-06-17T00:00:00,3,Undrafted,131,2121.0,817,257,160,53,17,
John Collins,Hawks,Forward-Center,6-9,226,USA,1997-09-23T00:00:00,5,19,293,8487.0,4837,2441,455,167,304,23000000.0
Zach Collins,Spurs,Forward-Center,6-11,250,USA,1997-11-19T00:00:00,4,10,182,3193.0,1099,767,200,60,125,6984127.0
Mike Conley,Jazz,Guard,6-1,175,USA,1987-10-11T00:00:00,15,4,958,30618.0,14221,2872,5407,1363,197,21000000.0
Pat Connaughton,Bucks,Guard,6-5,209,USA,1993-01-06T00:00:00,7,41,417,7717.0,2469,1392,521,197,118,5333333.0
Tyler Cook,Bulls,Forward,6-8,255,USA,1997-09-23T00:00:00,3,Undrafted,65,691.0,246,162,21,15,6,
Sharife Cooper,Hawks,Guard,6-1,176,USA,2001-06-11T00:00:00,2,48,13,39.0,7,5,5,0,0,
DeMarcus Cousins,Nuggets,Center,6-10,270,USA,1990-08-13T00:00:00,12,5,654,19509.0,12802,6664,1979,874,742,1290481.0
Robert Covington,Clippers,Forward,6-7,209,USA,1990-12-14T00:00:00,9,Undrafted,537,16064.0,6222,3122,803,861,527,12975471.0
Torrey Craig,Suns,Forward,6-7,221,USA,1990-12-19T00:00:00,5,Undrafted,300,5603.0,1698,1086,284,146,160,4878049.0
Jae Crowder,Suns,Forward,6-6,235,USA,1990-07-06T00:00:00,10,34,735,18561.0,7056,3141,1182,736,254,9720900.0
Jarrett Culver,Grizzlies,Guard-Forward,6-6,195,USA,1999-02-20T00:00:00,3,6,134,2343.0,890,364,167,94,52,6395160.0
Cade Cunningham,Pistons,Guard,6-6,220,USA,2001-09-25T00:00:00,1,1,64,2088.0,1114,354,356,78,43,10050120.0
Seth Curry,Nets,Guard,6-2,185,USA,1990-08-23T00:00:00,8,Undrafted,377,9489.0,4245,843,832,274,53,8186047.0
Stephen Curry,Warriors,Guard,6-2,185,USA,1988-03-14T00:00:00,13,7,826,28361.0,20064,3838,5388,1367,187,45780966.0
Anthony Davis,Lakers,Forward-Center,6-10,253,USA,1993-03-11T00:00:00,10,1,604,20805.0,14390,6162,1414,824,1413,35361360.0
Ed Davis,Cavaliers,Center-Forward,6-9,218,USA,1989-06-05T00:00:00,13,13,722,13757.0,4291,4616,539,349,566,2641691.0
Terence Davis,Kings,Guard,6-4,201,USA,1997-05-16T00:00:00,3,Undrafted,163,2820.0,1387,485,238,108,39,4000000.0
DeMar DeRozan,Bulls,Guard-Forward,6-6,220,USA,1989-08-07T00:00:00,13,9,957,32790.0,19869,4227,3729,935,280,26000000.0
Dewayne Dedmon,Heat,Center,7-0,245,USA,1989-08-12T00:00:00,9,Undrafted,477,8471.0,3056,2836,332,249,390,5256308.0
Donte DiVincenzo,Warriors,Guard,6-4,203,USA,1997-01-31T00:00:00,4,17,201,4752.0,1809,933,506,218,49,4675830.0
Hamidou Diallo,Pistons,Guard,6-5,202,USA,1998-07-31T00:00:00,4,45,207,3917.0,1748,813,227,170,60,5200000.0
Gorgui Dieng,Spurs,Center,6-10,248,Senegal,1990-01-18T00:00:00,9,21,597,12269.0,4470,3427,784,464,535,4000000.0
Spencer Dinwiddie,Mavericks,Guard,6-6,215,USA,1993-04-06T00:00:00,8,38,387,10207.0,5042,1167,1933,260,104,17142857.0
Luka Doncic,Mavericks,Forward-Guard,6-7,230,Slovenia,1999-02-28T00:00:00,4,3,264,8928.0,6962,2256,2102,278,111,10174391.0
Luguentz Dort,Thunder,Guard,6-3,215,Canada,1999-04-19T00:00:00,3,Undrafted,139,4029.0,1850,482,203,122,41,1782621.0
Ayo Dosunmu,Bulls,Guard,6-4,200,USA,2000-01-17T00:00:00,1,38,77,2110.0,679,214,256,60,29,925258.0
Goran Dragic,Bulls,Guard,6-3,190,Slovenia,1986-05-06T00:00:00,14,45,888,24733.0,12203,2735,4254,863,163,20168742.0
Andre Drummond,Bulls,Center,6-10,279,USA,1993-08-10T00:00:00,10,9,718,21267.0,9938,9519,1003,976,1055,2401537.0
Chris Duarte,Pacers,Guard,6-5,190,Dominican Republic,1997-06-13T00:00:00,1,13,55,1541.0,720,226,114,56,10,3749520.0
David Duke Jr.,Nets,Guard,6-4,204,USA,1999-10-13T00:00:00,1,Undrafted,22,341.0,104,67,17,14,7,
Kevin Durant,Nets,Forward,6-10,240,USA,1988-09-29T00:00:00,14,2,939,34508.0,25526,6646,4032,1021,1038,40918900.0
Anthony Edwards,Timberwolves,Guard,6-4,225,USA,2001-08-05T00:00:00,2,1,144,4780.0,2925,679,486,187,82,10245480.0
Carsen Edwards,Celtics,Guard,5-11,200,USA,1998-03-12T00:00:00,4,33,72,705.0,267,79,52,21,5,
Kessler Edwards,Nets,Forward,6-7,203,USA,2000-08-09T00:00:00,1,44,48,987.0,284,172,31,29,24,
CJ Elleby,Timberwolves,Forward-Guard,6-6,200,USA,2000-06-16T00:00:00,2,46,88,1367.0,407,259,97,41,22,1517981.0
Wayne Ellington,Lakers,Guard,6-4,207,USA,1987-11-29T00:00:00,13,28,770,16101.0,6190,1643,852,412,66,2641691.0
Joel Embiid,76ers,Center-Forward,7-0,280,Cameroon,1994-03-16T00:00:00,6,3,328,10240.0,8535,3732,1080,285,542,31579390.0
Derrick Favors,Thunder,Forward,6-9,265,USA,1991-07-15T00:00:00,12,3,790,19202.0,8354,5608,851,577,939,9720900.0
Bruno Fernando,Rockets,Forward-Center,6-9,240,Angola,1998-08-15T00:00:00,3,34,119,1091.0,379,331,66,23,31,1782621.0
Dorian Finney-Smith,Mavericks,Forward,6-7,220,USA,1993-05-04T00:00:00,6,Undrafted,394,10759.0,3229,1792,554,316,168,4000000.0
Malik Fitts,Celtics,Forward,6-5,230,USA,1997-07-04T00:00:00,3,Undrafted,18,74.0,24,20,5,0,0,85578.0
Malachi Flynn,Raptors,Guard,6-1,175,USA,1998-05-09T00:00:00,2,29,91,1465.0,542,179,207,58,11,2048040.0
Bryn Forbes,Timberwolves,Guard,6-2,205,USA,1993-07-23T00:00:00,6,Undrafted,406,8314.0,3687,703,506,156,12,
Trent Forrest,Hawks,Guard,6-4,210,USA,1998-06-12T00:00:00,2,Undrafted,90,1068.0,283,143,151,39,10,
Evan Fournier,Knicks,Guard-Forward,6-6,205,France,1992-10-29T00:00:00,10,20,645,18476.0,9222,1771,1676,570,98,18139535.0
De'Aaron Fox,Kings,Guard,6-3,185,USA,1997-12-20T00:00:00,5,5,322,10325.0,6148,1138,2005,432,142,28103550.0
Melvin Frazier Jr.,Magic,Guard-Forward,6-5,215,USA,1996-08-30T00:00:00,4,35,32,290.0,87,28,5,11,2,
Markelle Fultz,Magic,Guard,6-4,209,USA,1998-05-29T00:00:00,5,1,131,3251.0,1423,425,623,147,27,16500000.0
Wenyen Gabriel,Lakers,Forward,6-9,205,South Sudan,1997-03-26T00:00:00,3,Undrafted,77,835.0,276,203,33,25,26,
Daniel Gafford,Wizards,Forward-Center,6-9,234,USA,1998-10-01T00:00:00,3,38,169,2844.0,1277,744,118,69,230,1782621.0
Danilo Gallinari,Celtics,Forward,6-10,236,Italy,1988-08-08T00:00:00,13,6,728,21779.0,11327,3510,1414,537,262,20475000.0
Darius Garland,Cavaliers,Guard,6-1,192,USA,2000-01-26T00:00:00,3,5,181,6044.0,3142,464,1141,197,17,7040880.0
Usman Garuba,Rockets,Forward,6-8,229,Spain,2002-03-09T00:00:00,1,23,24,239.0,48,83,17,10,11,2353320.0
Luka Garza,Timberwolves,Center,6-10,243,USA,1998-12-27T00:00:00,1,52,32,389.0,186,100,20,9,6,925258.0
Rudy Gay,Jazz,Forward-Guard,6-8,250,USA,1986-08-17T00:00:00,16,8,1064,33745.0,17349,6120,2223,1212,780,5890000.0
Paul George,Clippers,Forward,6-8,220,USA,1990-05-02T00:00:00,12,10,737,24741.0,15029,4735,2641,1268,324,39344970.0
Taj Gibson,Wizards,Forward,6-9,232,USA,1985-06-24T00:00:00,13,26,896,21977.0,8088,5477,880,503,927,4910000.0
Josh Giddey,Thunder,Guard,6-8,205,Australia,2002-10-10T00:00:00,1,6,54,1700.0,674,421,345,51,20,5988000.0
Shai Gilgeous-Alexander,Thunder,Guard,6-6,180,Canada,1998-07-12T00:00:00,4,11,243,7724.0,4421,1088,1040,273,161,5495532.0
Anthony Gill,Wizards,Forward,6-7,230,USA,1992-10-17T00:00:00,2,Undrafted,70,681.0,260,136,38,15,15,1517981.0
Rudy Gobert,Timberwolves,Center,7-1,258,France,1992-06-26T00:00:00,9,27,611,18301.0,7592,7119,807,412,1357,35344828.0
Brandon Goodwin,Cavaliers,Guard,6-0,180,USA,1995-10-02T00:00:00,5,Undrafted,133,1609.0,628,211,251,54,5,
Aaron Gordon,Nuggets,Forward,6-8,235,USA,1995-09-16T00:00:00,8,4,528,15276.0,6887,3310,1313,389,335,16409091.0
Eric Gordon,Rockets,Guard,6-3,215,USA,1988-12-25T00:00:00,14,7,749,24259.0,12263,1811,2121,641,258,18218818.0
Devonte' Graham,Pelicans,Guard,6-1,195,USA,1995-02-22T00:00:00,4,34,240,6708.0,3080,600,1203,204,35,11000000.0
Jerami Grant,Trail Blazers,Forward,6-8,210,USA,1994-03-12T00:00:00,8,39,555,14455.0,6329,2189,747,348,615,20000000.0
Danny Green,Grizzlies,Guard,6-6,215,USA,1987-06-22T00:00:00,13,46,819,20741.0,7143,2811,1270,846,631,10000000.0
Draymond Green,Warriors,Forward,6-6,230,USA,1990-03-04T00:00:00,10,35,685,19511.0,5960,4750,3733,955,711,24026712.0
JaMychal Green,Warriors,Forward-Center,6-8,227,USA,1990-06-21T00:00:00,8,Undrafted,487,10136.0,3842,2781,445,273,203,8292683.0
Jalen Green,Rockets,Guard,6-4,186,USA,2002-02-09T00:00:00,1,2,67,2138.0,1157,226,176,44,18,8992200.0
Javonte Green,Bulls,Guard-Forward,6-5,205,USA,1993-07-23T00:00:00,3,Undrafted,154,2461.0,777,440,103,119,46,1669178.0
Jeff Green,Nuggets,Forward,6-8,235,USA,1986-08-28T00:00:00,14,5,1051,30464.0,13295,4502,1625,719,539,4500000.0
Josh Green,Mavericks,Guard,6-5,200,Australia,2000-11-16T00:00:00,2,18,106,1484.0,420,239,107,61,17,2957520.0
Blake Griffin,Nets,Forward,6-9,250,USA,1989-03-16T00:00:00,12,1,724,23817.0,14343,5954,2994,612,350,32405817.0
Quentin Grimes,Knicks,Guard,6-4,210,USA,2000-05-08T00:00:00,1,25,46,786.0,275,94,44,31,11,2168760.0
Rui Hachimura,Wizards,Forward,6-8,230,Japan,1998-02-08T00:00:00,3,9,147,4185.0,1913,766,217,104,24,4916160.0
Tyrese Haliburton,Pacers,Guard,6-5,185,USA,2000-02-29T00:00:00,2,12,135,4440.0,1934,484,937,211,77,4023600.0
R.J. Hampton,Magic,Guard,6-4,175,USA,2001-02-07T00:00:00,2,24,115,2291.0,843,373,245,63,23,2303040.0
Tim Hardaway Jr.,Mavericks,Guard-Forward,6-5,205,USA,1992-03-16T00:00:00,9,24,586,15838.0,8149,1650,1095,366,83,21306816.0
James Harden,76ers,Guard,6-5,220,USA,1989-08-26T00:00:00,13,3,942,32616.0,23477,5294,6397,1449,512,43848000.0
Maurice Harkless,Hawks,Forward-Guard,6-7,220,USA,1993-05-11T00:00:00,10,15,621,14019.0,4259,2198,572,583,399,4347600.0
Jared Harper,Pelicans,Guard,5-10,175,USA,1997-09-14T00:00:00,3,Undrafted,16,67.0,42,4,15,4,1,
Montrezl Harrell,Hornets,Forward-Center,6-7,240,USA,1994-01-26T00:00:00,7,32,458,9863.0,5900,2429,642,252,379,9720900.0
Gary Harris,Magic,Guard,6-4,210,USA,1994-09-14T00:00:00,8,19,468,13474.0,5526,1162,965,547,101,20482143.0
Joe Harris,Nets,Guard-Forward,6-6,220,USA,1991-09-06T00:00:00,8,33,414,10602.0,4584,1344,679,204,80,17357143.0
Tobias Harris,76ers,Forward,6-7,226,USA,1992-07-15T00:00:00,11,19,753,23619.0,12313,4660,1728,557,396,36000000.0
Josh Hart,Trail Blazers,Guard,6-5,215,USA,1995-03-06T00:00:00,5,30,296,8071.0,2918,1701,614,273,104,12000000.0
Isaiah Hartenstein,Knicks,Center-Forward,7-0,250,Germany,1998-05-05T00:00:00,4,43,165,2262.0,959,650,248,85,140,3430810.0
Udonis Haslem,Heat,Forward,6-8,235,USA,1980-06-09T00:00:00,19,Undrafted,872,21650.0,6559,5780,733,423,250,2641691.0
Sam Hauser,Celtics,Forward,6-7,217,USA,1997-12-08T00:00:00,1,Undrafted,26,158.0,65,29,10,1,2,313737.0
Jaxson Hayes,Pelicans,Center-Forward,6-11,220,USA,2000-05-23T00:00:00,3,8,194,3441.0,1575,831,134,84,148,5348280.0
Killian Hayes,Pistons,Guard,6-5,195,France,2001-07-27T00:00:00,2,7,92,2317.0,629,279,415,105,45,5572680.0
Gordon Hayward,Hornets,Forward,6-7,225,USA,1990-03-23T00:00:00,12,9,734,22831.0,11454,3302,2576,726,296,29900000.0
Juancho Hernangomez,Raptors,Forward,6-9,214,Spain,1995-09-28T00:00:00,6,15,297,4655.0,1589,1008,191,115,65,6175440.0
Willy Hernangomez,Pelicans,Center-Forward,6-11,250,Spain,1994-05-27T00:00:00,6,35,306,4691.0,2262,1802,331,128,121,2327220.0
Tyler Herro,Heat,Guard,6-5,195,USA,2000-01-20T00:00:00,3,13,175,5294.0,2925,821,568,113,34,4004280.0
Buddy Hield,Pacers,Guard,6-4,220,Bahamas,1992-12-17T00:00:00,6,6,468,13675.0,7463,2003,1180,383,136,22477273.0
Haywood Highsmith,Heat,Forward,6-4,220,USA,1996-12-09T00:00:00,2,,24,203.0,52,31,8,3,3,85578.0
George Hill,Bucks,Guard,6-4,188,USA,1986-05-04T00:00:00,14,26,869,23668.0,9313,2646,2697,780,227,4000000.0
Malcolm Hill,Bulls,Forward,6-6,220,USA,1995-10-26T00:00:00,1,Undrafted,19,212.0,72,35,8,7,3,
Nate Hinton,Pacers,Guard-Forward,6-5,210,USA,1999-06-08T00:00:00,3,Undrafted,23,96.0,41,9,8,7,2,
Aaron Holiday,Hawks,Guard,6-0,185,USA,1996-09-30T00:00:00,4,23,245,4460.0,1796,434,588,164,51,3980551.0
Jrue Holiday,Bucks,Guard,6-3,205,USA,1990-06-12T00:00:00,13,17,839,27816.0,13586,3361,5373,1267,430,30133333.0
Justin Holiday,Hawks,Forward-Guard,6-6,180,USA,1989-04-05T00:00:00,9,Undrafted,576,14149.0,5005,1700,860,559,255,6006420.0
Richaun Holmes,Kings,Forward,6-10,235,USA,1993-10-15T00:00:00,7,37,376,7922.0,3605,2167,403,220,396,10384500.0
Rodney Hood,Clippers,Guard-Forward,6-8,208,USA,1992-10-20T00:00:00,8,23,448,10978.0,4656,1160,736,301,80,2239544.0
Al Horford,Celtics,Center-Forward,6-9,240,Dominican Republic,1986-06-03T00:00:00,15,3,950,30598.0,12989,7772,3144,762,1126,27000000.0
Talen Horton-Tucker,Jazz,Guard,6-4,234,USA,2000-11-25T00:00:00,3,46,131,2896.0,1216,369,346,130,51,9500000.0
Danuel House Jr.,76ers,Forward-Guard,6-6,220,USA,1993-06-07T00:00:00,6,Undrafted,204,4954.0,1743,727,263,136,84,2045094.0
Dwight Howard,Lakers,Center-Forward,6-10,265,USA,1985-12-08T00:00:00,18,1,1242,39456.0,19485,14627,1676,1081,2228,2641691.0
Markus Howard,Nuggets,Guard,5-10,175,USA,1999-03-03T00:00:00,3,Undrafted,68,381.0,231,33,25,13,1,
Kevin Huerter,Kings,Guard-Forward,6-7,198,USA,1998-08-27T00:00:00,4,19,274,8123.0,3125,958,871,253,96,4253357.0
Elijah Hughes,Trail Blazers,Guard,6-5,215,USA,1998-03-10T00:00:00,2,39,54,498.0,157,67,28,15,9,1517981.0
Feron Hunt,Knicks,Forward,6-8,195,USA,1999-07-05T00:00:00,1,Undrafted,2,8.0,0,1,1,1,0,
De'Andre Hunter,Hawks,Forward-Guard,6-8,221,USA,1997-12-02T00:00:00,3,4,139,4273.0,1831,572,224,99,51,7775400.0
Bones Hyland,Nuggets,Guard,6-2,169,USA,2000-09-14T00:00:00,1,26,69,1310.0,698,188,191,41,20,2096880.0
Serge Ibaka,Bucks,Forward,6-10,235,Republic of the Congo,1989-09-18T00:00:00,13,24,903,24942.0,10962,6469,745,371,1752,9742000.0
Andre Iguodala,Warriors,Guard-Forward,6-6,215,USA,1984-01-28T00:00:00,18,9,1223,39393.0,13951,6030,5128,1761,630,2641691.0
Joe Ingles,Bucks,Forward-Guard,6-8,220,Australia,1987-10-02T00:00:00,8,Undrafted,590,15157.0,5094,1914,2213,544,90,14000000.0
Brandon Ingram,Pelicans,Forward,6-8,190,USA,1997-09-02T00:00:00,6,2,368,12079.0,6812,1896,1412,260,210,29467800.0
Kyrie Irving,Nets,Guard,6-2,195,Australia,1992-03-23T00:00:00,11,1,611,20804.0,14089,2339,3504,816,241,34916200.0
Jonathan Isaac,Magic,Forward,6-10,230,USA,1997-10-03T00:00:00,3,6,136,3512.0,1269,741,146,145,206,17400000.0
Frank Jackson,Pistons,Guard,6-3,205,USA,1998-05-04T00:00:00,4,31,213,3868.0,1816,390,221,84,16,3000000.0
Isaiah Jackson,Pacers,Forward,6-10,205,USA,2002-01-10T00:00:00,1,22,36,541.0,297,149,10,25,52,2451120.0
Josh Jackson,Raptors,Guard-Forward,6-8,207,USA,1997-02-10T00:00:00,5,4,291,6718.0,3276,1159,534,251,169,5005350.0
Reggie Jackson,Clippers,Guard,6-2,208,USA,1990-04-16T00:00:00,11,24,703,18001.0,9183,2122,3020,486,88,10384500.0
Jaren Jackson Jr.,Grizzlies,Forward-Center,6-11,242,USA,1999-09-15T00:00:00,4,4,204,5521.0,3218,1050,240,177,369,9180560.0
LeBron James,Lakers,Forward,6-9,250,USA,1984-12-30T00:00:00,19,1,1366,52138.0,37062,10210,10045,2136,1041,41180544.0
Ty Jerome,Thunder,Guard-Forward,6-5,195,USA,1997-07-08T00:00:00,3,24,112,1916.0,795,215,273,65,14,2412840.0
Isaiah Joe,76ers,Guard,6-4,165,USA,1999-07-02T00:00:00,2,49,96,992.0,351,92,55,26,7,1517981.0
Cameron Johnson,Suns,Forward,6-8,210,USA,1996-03-03T00:00:00,3,11,183,4423.0,1899,659,254,130,52,4437000.0
David Johnson,Raptors,Guard,6-4,203,USA,2001-02-26T00:00:00,1,47,2,2.0,0,0,0,0,0,
Jalen Johnson,Hawks,Forward,6-8,219,USA,2001-12-18T00:00:00,1,20,22,120.0,52,26,3,3,2,2659560.0
Keldon Johnson,Spurs,Forward-Guard,6-6,220,USA,1999-10-11T00:00:00,3,29,161,4660.0,2313,926,294,112,40,2145720.0
Keon Johnson,Trail Blazers,Guard,6-4,185,USA,2002-03-10T00:00:00,1,21,37,696.0,267,81,76,28,12,2553120.0
Stanley Johnson,Jazz,Forward-Guard,6-6,242,USA,1996-05-29T00:00:00,7,8,419,8408.0,2632,1309,612,367,100,888616.0
Nikola Jokic,Nuggets,Center,6-11,284,Serbia,1995-02-19T00:00:00,7,41,527,16015.0,10364,5456,3281,627,376,30510423.0
Damian Jones,Lakers,Center,6-11,245,USA,1995-06-30T00:00:00,6,30,199,3033.0,1117,685,163,77,148,1977011.0
Herbert Jones,Pelicans,Forward,6-7,206,USA,1998-10-06T00:00:00,1,35,78,2335.0,742,296,167,130,60,1700000.0
Kai Jones,Hornets,Center-Forward,6-10,221,Bahamas,2001-01-19T00:00:00,1,19,21,63.0,22,11,4,1,2,2770560.0
Mason Jones,Lakers,Guard,6-4,200,USA,1998-07-21T00:00:00,3,Undrafted,36,385.0,195,65,46,9,1,
Tre Jones,Spurs,Guard,6-1,185,USA,2000-01-08T00:00:00,2,41,106,1417.0,507,176,272,50,7,1517981.0
Tyus Jones,Grizzlies,Guard,6-0,196,USA,1996-05-10T00:00:00,7,24,455,8378.0,2807,799,1691,444,33,7522200.0
Derrick Jones Jr.,Bulls,Forward,6-6,210,USA,1997-02-15T00:00:00,6,Undrafted,280,5537.0,1833,964,197,184,193,9720900.0
DeAndre Jordan,Nuggets,Center,6-11,265,USA,1988-07-21T00:00:00,14,35,980,26195.0,8933,10142,932,537,1501,10517224.0
Cory Joseph,Pistons,Guard,6-3,200,Canada,1991-08-20T00:00:00,11,29,728,16161.0,5161,1884,2186,562,167,7310000.0
Luke Kennard,Clippers,Guard,6-5,206,USA,1996-06-24T00:00:00,5,12,297,6973.0,2966,847,603,147,44,12727273.0
Braxton Key,Pistons,Forward,6-8,225,USA,1997-02-14T00:00:00,1,Undrafted,11,197.0,79,50,11,10,11,
Corey Kispert,Wizards,Forward,6-6,224,USA,1999-03-03T00:00:00,1,15,77,1801.0,634,209,85,35,22,3383640.0
Maxi Kleber,Mavericks,Forward,6-10,240,Germany,1992-01-29T00:00:00,5,Undrafted,326,7389.0,2307,1561,345,141,301,8750000.0
Nathan Knight,Timberwolves,Forward-Center,6-10,253,USA,1997-09-20T00:00:00,2,Undrafted,70,546.0,262,157,30,16,18,
Kevin Knox II,Pistons,Forward,6-7,215,USA,1999-08-11T00:00:00,4,9,212,4011.0,1638,624,172,82,60,5845978.0
John Konchar,Grizzlies,Guard,6-5,210,USA,1996-03-22T00:00:00,3,Undrafted,134,2048.0,587,504,178,82,34,2197674.0
Furkan Korkmaz,76ers,Guard-Forward,6-7,202,Turkey,1997-07-24T00:00:00,5,26,256,4793.0,2016,574,344,154,37,4629630.0
Luke Kornet,Celtics,Center-Forward,7-2,250,USA,1995-07-15T00:00:00,5,Undrafted,148,2120.0,807,379,145,51,119,606702.0
Vit Krejci,Thunder,Guard,6-8,195,Czech Republic,2000-06-19T00:00:00,1,37,30,690.0,187,101,57,19,8,925258.0
Arnoldas Kulboka,Hornets,Forward,6-10,209,Lithuania,1998-01-04T00:00:00,1,55,2,5.0,0,0,0,0,0,
Jonathan Kuminga,Warriors,Forward,6-7,225,DRC,2002-10-06T00:00:00,1,7,70,1185.0,652,234,64,31,22,5466360.0
Kyle Kuzma,Wizards,Forward,6-9,221,USA,1995-07-24T00:00:00,5,27,342,10399.0,5336,2116,759,195,184,13000000.0
Zach LaVine,Bulls,Guard-Forward,6-5,200,USA,1995-03-10T00:00:00,8,13,478,15218.0,9466,1876,1860,423,145,19500000.0
Anthony Lamb,Rockets,Forward,6-6,227,USA,1998-01-20T00:00:00,2,Undrafted,26,423.0,133,71,25,6,5,
Jeremy Lamb,Kings,Guard-Forward,6-5,180,USA,1992-05-30T00:00:00,10,12,573,11896.0,5805,2073,904,417,218,10500000.0
Jock Landale,Suns,Center,6-11,255,Australia,1995-10-25T00:00:00,1,Undrafted,54,589.0,265,138,45,10,14,925258.0
Romeo Langford,Spurs,Guard-Forward,6-5,216,USA,1999-10-25T00:00:00,3,14,98,1424.0,353,184,47,36,29,3804360.0
Jake Layman,Timberwolves,Forward,6-8,209,USA,1994-03-07T00:00:00,6,47,243,3099.0,1175,417,127,99,71,3940184.0
Caris LeVert,Cavaliers,Guard,6-6,205,USA,1994-08-25T00:00:00,6,20,318,8759.0,4649,1216,1257,343,107,17500000.0
Damion Lee,Suns,Guard-Forward,6-5,210,USA,1992-10-21T00:00:00,5,Undrafted,216,4538.0,1780,757,311,159,21,1910860.0
Saben Lee,Pistons,Guard,6-2,183,USA,1999-06-23T00:00:00,2,38,85,1384.0,475,184,281,68,25,1489065.0
Alex Len,Kings,Center,7-0,250,Ukraine,1993-06-16T00:00:00,9,5,570,10770.0,4371,3341,489,224,550,3731707.0
Kawhi Leonard,Clippers,Forward,6-7,225,USA,1991-06-29T00:00:00,10,15,576,18025.0,11085,3689,1672,1013,367,39344900.0
Scottie Lewis,Hornets,Guard,6-5,185,USA,2000-03-12T00:00:00,1,56,2,7.0,1,0,1,1,0,
Kira Lewis Jr.,Pelicans,Guard,6-1,170,USA,2001-04-06T00:00:00,2,13,78,1246.0,484,110,173,49,11,3822240.0
Damian Lillard,Trail Blazers,Guard,6-2,195,USA,1990-07-15T00:00:00,10,6,711,25832.0,17510,2976,4726,682,221,39344900.0
Nassir Little,Trail Blazers,Forward-Guard,6-5,220,USA,2000-02-11T00:00:00,3,25,138,2301.0,802,472,99,43,63,2316240.0
Isaiah Livers,Pistons,Forward,6-6,232,USA,1998-07-28T00:00:00,1,42,19,383.0,121,57,21,13,7,1057260.0
Kevon Looney,Warriors,Forward,6-9,222,USA,1996-02-06T00:00:00,7,30,367,6014.0,1721,1750,498,178,206,5178572.0
Brook Lopez,Bucks,Center,7-0,282,USA,1988-04-01T00:00:00,14,10,868,26193.0,14247,5407,1245,503,1530,13302325.0
Robin Lopez,Cavaliers,Center,7-0,281,USA,1988-04-01T00:00:00,14,15,939,20573.0,8196,4604,796,216,1034,5000000.0
Didi Louzada,Trail Blazers,Guard,6-5,188,Brazil,1999-07-02T00:00:00,3,35,12,186.0,43,20,8,4,2,1786878.0
Kevin Love,Cavaliers,Forward-Center,6-8,251,USA,1988-09-07T00:00:00,14,5,812,25089.0,14305,8666,1919,528,342,31300000.0
Kyle Lowry,Heat,Guard,6-0,196,USA,1986-03-25T00:00:00,16,24,1023,32616.0,15116,4475,6469,1350,298,26984128.0
Gabriel Lundberg,Suns,Guard,6-4,203,Denmark,1994-12-04T00:00:00,1,Undrafted,4,44.0,13,7,11,3,0,
Timothe Luwawu-Cabarrot,Hawks,Guard-Forward,6-7,215,France,1995-05-09T00:00:00,6,24,328,5254.0,1937,656,293,132,42,1939350.0
Trey Lyles,Kings,Forward,6-9,234,Canada,1995-11-05T00:00:00,7,12,449,8216.0,3503,1953,477,175,156,2500000.0
Theo Maledon,Thunder,Guard,6-4,175,France,2001-06-12T00:00:00,2,34,116,2686.0,1019,342,338,87,22,2000000.0
Sandro Mamukelashvili,Bucks,Forward-Center,6-9,240,Georgia,1999-05-23T00:00:00,1,54,41,407.0,154,82,22,9,9,
Terance Mann,Clippers,Guard-Forward,6-5,215,USA,1996-10-18T00:00:00,3,48,189,3942.0,1443,722,366,95,39,1782621.0
Tre Mann,Thunder,Guard,6-3,178,USA,2001-02-03T00:00:00,1,18,60,1367.0,625,171,91,47,12,2901240.0
Boban Marjanovic,Rockets,Center,7-3,290,Serbia,1988-08-15T00:00:00,7,Undrafted,286,2641.0,1688,1097,139,54,92,3500000.0
Lauri Markkanen,Jazz,Forward-Center,6-11,240,Finland,1997-05-22T00:00:00,5,7,282,8389.0,4339,1904,354,189,141,15690909.0
Naji Marshall,Pelicans,Forward,6-7,220,USA,1998-01-24T00:00:00,2,Undrafted,87,1435.0,559,290,150,59,18,1517981.0
Caleb Martin,Heat,Forward,6-5,205,USA,1995-09-28T00:00:00,3,Undrafted,131,2507.0,926,409,154,107,49,527614.0
Cody Martin,Hornets,Forward,6-6,205,USA,1995-09-28T00:00:00,3,36,171,3618.0,989,604,360,164,53,1782621.0
Kenyon Martin Jr.,Rockets,Forward,6-5,215,USA,2001-01-06T00:00:00,2,52,124,2724.0,1115,539,149,64,81,1517981.0
Garrison Mathews,Rockets,Guard,6-5,215,USA,1996-10-24T00:00:00,3,Undrafted,147,2977.0,1102,301,100,94,32,1093598.0
Wesley Matthews,Bucks,Guard,6-4,220,USA,1986-10-14T00:00:00,13,Undrafted,898,27347.0,10921,2591,1786,889,180,1958501.0
Tyrese Maxey,76ers,Guard,6-2,200,USA,2000-11-04T00:00:00,2,21,136,3586.0,1799,344,441,81,45,2602920.0
Skylar Mays,Hawks,Guard,6-4,205,USA,1997-09-05T00:00:00,2,50,61,489.0,204,60,47,21,2,
Miles McBride,Knicks,Guard,6-1,195,USA,2000-09-08T00:00:00,1,36,40,372.0,89,42,41,14,1,925258.0
Mac McClung,Warriors,Guard,6-2,185,USA,1999-01-06T00:00:00,1,Undrafted,2,24.0,8,3,1,1,1,
CJ McCollum,Pelicans,Guard,6-3,190,USA,1991-09-19T00:00:00,9,10,590,18625.0,11341,2041,2044,526,223,30864198.0
T.J. McConnell,Pacers,Guard,6-1,190,USA,1992-03-25T00:00:00,7,,481,10691.0,3299,1436,2404,613,94,7500000.0
Jaden McDaniels,Timberwolves,Forward,6-9,185,USA,2000-09-29T00:00:00,2,28,133,3313.0,1074,525,150,87,114,2063280.0
Jalen McDaniels,Hornets,Forward-Center,6-9,205,USA,1998-01-31T00:00:00,3,52,118,2092.0,775,404,124,62,44,1782621.0
Doug McDermott,Spurs,Forward,6-7,225,USA,1992-01-03T00:00:00,8,11,527,11012.0,4846,1236,496,113,53,13750000.0
JaVale McGee,Mavericks,Center-Forward,7-0,270,USA,1988-01-19T00:00:00,14,18,821,13982.0,6536,4344,358,327,1212,5000000.0
Rodney McGruder,Pistons,Guard,6-4,205,USA,1991-07-29T00:00:00,6,Undrafted,285,5634.0,1642,811,353,145,49,1939350.0
Jordan McLaughlin,Timberwolves,Guard,5-11,185,USA,1996-04-09T00:00:00,3,Undrafted,143,2430.0,718,251,498,142,20,1669178.0
Ben McLemore,Trail Blazers,Guard,6-3,195,USA,1993-02-11T00:00:00,9,7,556,12534.0,5015,1269,563,353,106,2389641.0
De'Anthony Melton,76ers,Guard,6-2,200,USA,1998-05-28T00:00:00,4,46,235,4853.0,1968,843,660,309,113,8437500.0
Chimezie Metu,Kings,Forward-Center,6-9,225,USA,1997-03-22T00:00:00,4,49,143,2018.0,869,516,111,74,58,1762796.0
Khris Middleton,Bucks,Forward,6-7,222,USA,1991-08-12T00:00:00,10,39,651,20693.0,11136,3166,2461,794,123,35500000.0
Patty Mills,Nets,Guard,6-0,180,Australia,1988-08-11T00:00:00,13,55,820,17013.0,7520,1390,1894,533,73,5890000.0
Paul Millsap,76ers,Forward,6-7,257,USA,1985-02-10T00:00:00,16,47,1085,30498.0,14536,7673,2378,1327,1045,2641691.0
Shake Milton,76ers,Guard-Forward,6-5,205,USA,1996-09-26T00:00:00,4,54,178,3714.0,1731,413,454,95,50,1846738.0
Davion Mitchell,Kings,Guard,6-0,202,USA,1998-09-05T00:00:00,1,9,75,2076.0,861,166,313,55,24,4603320.0
Donovan Mitchell,Cavaliers,Guard,6-1,215,USA,1996-09-07T00:00:00,5,13,345,11637.0,8234,1433,1542,445,99,28103550.0
Evan Mobley,Cavaliers,Center,6-11,215,USA,2001-06-18T00:00:00,1,3,69,2331.0,1034,570,174,56,115,8075160.0
Malik Monk,Kings,Guard,6-3,200,USA,1998-02-04T00:00:00,5,11,309,6298.0,3176,717,627,162,77,1789256.0
Greg Monroe,Timberwolves,Forward-Center,6-10,250,USA,1990-06-04T00:00:00,10,7,646,17670.0,8402,5293,1376,680,373,
Moses Moody,Warriors,Guard,6-5,211,USA,2002-05-31T00:00:00,1,14,52,607.0,228,80,23,7,10,3562080.0
Xavier Moon,Clippers,Guard,6-2,165,USA,1995-01-02T00:00:00,1,Undrafted,10,137.0,58,14,24,7,3,
Ja Morant,Grizzlies,Guard,6-3,174,USA,1999-08-10T00:00:00,3,2,187,6016.0,3961,836,1337,181,53,9603360.0
Juwan Morgan,Celtics,Forward,6-7,232,USA,1997-04-17T00:00:00,4,Undrafted,52,313.0,76,61,16,5,3,
Markieff Morris,Nets,Forward,6-9,245,USA,1989-09-02T00:00:00,11,13,715,17725.0,7822,3714,1153,578,369,2641691.0
Monte Morris,Wizards,Guard,6-2,183,USA,1995-06-27T00:00:00,5,51,280,7067.0,2947,655,1042,221,48,8333333.0
Marcus Morris Sr.,Clippers,Forward,6-8,218,USA,1989-09-02T00:00:00,11,14,718,19451.0,8921,3298,1085,488,204,15627907.0
Mychal Mulder,Heat,Guard,6-3,195,Canada,1994-06-12T00:00:00,4,Undrafted,84,1209.0,483,107,39,18,15,
Trey Murphy III,Pelicans,Forward,6-8,206,USA,2000-06-18T00:00:00,1,17,62,864.0,334,147,38,23,7,3053760.0
Dejounte Murray,Hawks,Guard,6-4,180,USA,1996-09-19T00:00:00,5,29,320,8257.0,3993,1920,1540,455,84,15428571.0
Jamal Murray,Nuggets,Guard,6-3,215,Canada,1997-02-23T00:00:00,5,7,345,10384.0,5639,1258,1322,328,109,31590000.0
Mike Muscala,Thunder,Forward-Center,6-10,240,USA,1991-07-01T00:00:00,9,44,432,6695.0,2666,1371,378,150,211,3500000.0
Svi Mykhailiuk,Raptors,Guard-Forward,6-7,205,Ukraine,1997-06-10T00:00:00,5,47,220,3746.0,1451,395,298,132,21,1729217.0
Larry Nance Jr.,Pelicans,Forward-Center,6-7,245,USA,1993-01-01T00:00:00,7,27,396,9527.0,3210,2577,747,484,199,10690909.0
RJ Nembhard Jr.,Cavaliers,Guard,6-4,200,USA,1999-03-22T00:00:00,1,Undrafted,14,63.0,15,7,12,1,0,
Aaron Nesmith,Pacers,Guard-Forward,6-5,215,USA,1999-10-16T00:00:00,2,14,98,1243.0,414,216,45,35,14,3631200.0
Raul Neto,Cavaliers,Guard,6-2,180,Brazil,1992-05-19T00:00:00,7,47,387,6259.0,2313,612,834,262,30,2089448.0
Georges Niang,76ers,Forward,6-7,230,USA,1993-06-17T00:00:00,6,50,305,4455.0,1857,619,248,88,32,3300000.0
Daishen Nix,Rockets,Guard,6-4,226,USA,2002-02-13T00:00:00,1,Undrafted,24,261.0,77,33,40,15,0,292466.0
Zeke Nnaji,Nuggets,Forward-Center,6-9,240,USA,2001-01-09T00:00:00,2,22,83,1095.0,406,212,27,24,17,2498760.0
Nerlens Noel,Pistons,Center-Forward,6-11,220,USA,1994-04-10T00:00:00,8,6,450,10086.0,3303,2788,491,572,673,8800000.0
Jaylen Nowell,Timberwolves,Guard,6-4,201,USA,1999-07-09T00:00:00,3,43,119,1885.0,963,231,211,52,23,1782621.0
Frank Ntilikina,Mavericks,Guard,6-4,200,France,1998-07-28T00:00:00,5,8,269,4803.0,1395,495,631,194,59,1789256.0
Kendrick Nunn,Lakers,Guard,6-2,190,USA,1995-08-03T00:00:00,2,Undrafted,123,3613.0,1840,359,368,108,29,5000000.0
Jusuf Nurkic,Trail Blazers,Center,6-11,290,Bosnia and Herzegovina,1994-08-23T00:00:00,8,16,411,9815.0,5015,3513,903,372,489,12000000.0
David Nwaba,Rockets,Guard-Forward,6-5,219,USA,1993-01-14T00:00:00,6,Undrafted,237,4583.0,1622,866,246,177,106,4650000.0
Jordan Nwora,Bucks,Forward,6-8,225,USA,1998-09-09T00:00:00,2,45,92,1459.0,658,281,66,42,25,1517981.0
Royce O'Neale,Nets,Forward,6-5,226,USA,1993-06-05T00:00:00,5,Undrafted,370,9516.0,2285,1763,771,292,136,8678571.0
Chuma Okeke,Magic,Forward,6-6,229,USA,1998-08-18T00:00:00,2,16,115,2881.0,954,528,219,145,64,3277080.0
Josh Okogie,Suns,Guard,6-4,213,Nigeria,1998-09-01T00:00:00,4,20,244,5017.0,1552,712,278,236,99,4087904.0
Onyeka Okongwu,Hawks,Forward-Center,6-8,240,USA,2000-12-11T00:00:00,2,6,98,1593.0,620,446,71,54,93,6104280.0
Isaac Okoro,Cavaliers,Forward-Guard,6-5,225,USA,2001-01-26T00:00:00,2,5,134,4154.0,1234,407,249,118,46,6720720.0
Victor Oladipo,Heat,Guard,6-4,213,USA,1992-05-04T00:00:00,9,2,462,15141.0,8054,2117,1824,748,218,2389641.0
Kelly Olynyk,Pistons,Forward-Center,6-11,240,Canada,1991-04-19T00:00:00,9,13,610,13409.0,6146,3087,1248,465,284,12195122.0
Cedi Osman,Cavaliers,Forward,6-7,230,Turkey,1995-04-08T00:00:00,5,31,327,7999.0,3269,1055,699,241,49,8050000.0
Kelly Oubre Jr.,Hornets,Forward-Guard,6-6,203,USA,1995-12-09T00:00:00,7,15,479,12062.0,5769,2074,484,449,231,12000000.0
Eric Paschall,Timberwolves,Forward,6-6,255,USA,1996-11-04T00:00:00,3,41,158,3085.0,1552,509,214,53,25,1782621.0
Chris Paul,Suns,Guard,6-0,175,USA,1985-05-06T00:00:00,17,4,1155,39896.0,20936,5206,10977,2453,172,30800000.0
Cameron Payne,Suns,Guard,6-1,183,USA,1994-08-08T00:00:00,7,14,279,4994.0,2132,624,905,188,63,6500000.0
Elfrid Payton,Suns,Guard,6-3,195,USA,1994-02-22T00:00:00,8,10,500,13384.0,5036,2007,2867,588,151,2239544.0
Gary Payton II,Trail Blazers,Guard,6-3,195,USA,1992-12-01T00:00:00,6,Undrafted,142,2056.0,740,396,151,148,38,1939350.0
Jamorko Pickett,Cavaliers,Forward,6-9,206,USA,1997-12-24T00:00:00,1,Undrafted,13,176.0,50,32,7,0,7,
Theo Pinson,Mavericks,Guard-Forward,6-5,212,USA,1995-11-05T00:00:00,4,Undrafted,87,759.0,251,116,95,28,6,
Mason Plumlee,Hornets,Forward-Center,6-11,254,USA,1990-03-05T00:00:00,9,22,661,14768.0,5484,4378,1611,503,592,8137500.0
Jakob Poeltl,Spurs,Center,7-1,245,Austria,1995-10-15T00:00:00,6,9,416,8409.0,3035,2524,601,214,524,8750000.0
Aleksej Pokusevski,Thunder,Forward,7-0,190,Serbia,2001-12-26T00:00:00,2,17,106,2323.0,831,530,228,59,80,3113160.0
Yves Pons,Grizzlies,Forward,6-5,206,France,1999-05-07T00:00:00,1,Undrafted,12,71.0,13,12,1,1,4,
Jordan Poole,Warriors,Guard,6-4,194,USA,1999-06-19T00:00:00,3,28,184,4545.0,2520,470,537,121,42,2161440.0
Kevin Porter Jr.,Rockets,Guard-Forward,6-4,203,USA,2000-05-04T00:00:00,3,30,137,3904.0,1878,528,649,134,44,2130240.0
Michael Porter Jr.,Nuggets,Forward,6-10,218,USA,1998-06-29T00:00:00,3,14,125,3081.0,1763,763,133,77,81,5258735.0
Otto Porter Jr.,Raptors,Forward,6-8,198,USA,1993-06-03T00:00:00,9,3,504,13080.0,5336,2551,767,570,216,2389641.0
Bobby Portis,Bucks,Forward,6-10,250,USA,1995-02-10T00:00:00,7,22,453,9837.0,5021,2995,537,263,171,4347600.0
Kristaps Porzingis,Wizards,Forward-Center,7-3,240,Latvia,1995-08-02T00:00:00,6,4,337,10385.0,6371,2649,537,234,635,31650600.0
Dwight Powell,Mavericks,Forward-Center,6-10,240,Canada,1991-07-20T00:00:00,8,45,511,9720.0,3926,2349,524,324,242,11000000.0
Myles Powell,76ers,Guard,6-2,195,USA,1997-07-07T00:00:00,2,Undrafted,11,52.0,13,6,3,1,0,
Norman Powell,Clippers,Guard,6-3,215,USA,1993-05-25T00:00:00,7,46,421,9424.0,4776,1088,625,341,113,15517242.0
Joshua Primo,Spurs,Guard,6-4,189,Canada,2002-12-24T00:00:00,1,12,50,965.0,288,113,81,20,23,3946800.0
Taurean Prince,Timberwolves,Forward,6-6,218,USA,1994-03-22T00:00:00,6,12,370,8937.0,3899,1442,647,313,159,15057692.0
Payton Pritchard,Celtics,Guard,6-1,195,USA,1998-01-28T00:00:00,2,26,137,2269.0,952,292,259,62,15,2137440.0
Trevelin Queen,76ers,Guard,6-6,190,USA,1997-02-25T00:00:00,1,Undrafted,10,74.0,43,16,4,5,1,
Neemias Queta,Kings,Center,7-0,248,Portugal,1999-07-13T00:00:00,1,39,15,120.0,45,31,6,1,8,
Immanuel Quickley,Knicks,Guard,6-3,190,USA,1999-06-17T00:00:00,2,25,142,3046.0,1613,384,402,84,15,2210640.0
Julius Randle,Knicks,Forward-Center,6-8,250,USA,1994-11-29T00:00:00,8,7,518,16145.0,9191,4815,1842,365,235,19800000.0
Austin Reaves,Lakers,Guard,6-5,197,USA,1998-05-29T00:00:00,1,Undrafted,61,1418.0,444,193,110,29,20,925258.0
Cam Reddish,Knicks,Forward-Guard,6-8,217,USA,1999-09-01T00:00:00,3,10,133,3313.0,1399,425,170,142,52,4670160.0
Davon Reed,Nuggets,Guard,6-5,206,USA,1995-06-11T00:00:00,3,32,79,957.0,284,153,69,35,11,
Paul Reed,76ers,Forward,6-9,210,USA,1999-06-14T00:00:00,2,58,64,480.0,204,153,28,43,27,1517981.0
Naz Reid,Timberwolves,Center-Forward,6-9,264,USA,1999-08-26T00:00:00,3,Undrafted,177,3057.0,1690,747,178,93,169,1782621.0
Nick Richards,Hornets,Center,7-0,245,Jamaica,1997-11-29T00:00:00,2,42,68,430.0,165,97,15,9,21,1517981.0
Josh Richardson,Spurs,Guard,6-5,200,USA,1993-09-15T00:00:00,7,40,438,13033.0,5270,1377,1172,465,262,11600000.0
Austin Rivers,Timberwolves,Guard,6-4,200,USA,1992-08-01T00:00:00,10,10,655,15840.0,5741,1359,1438,466,108,2401537.0
Duncan Robinson,Heat,Forward,6-7,215,USA,1994-04-22T00:00:00,4,Undrafted,239,6631.0,2838,704,363,125,53,15560000.0
Mitchell Robinson,Knicks,Center-Forward,7-0,240,USA,1998-04-01T00:00:00,4,36,230,5473.0,1941,1720,128,197,458,1802057.0
Jeremiah Robinson-Earl,Thunder,Forward,6-8,242,USA,2000-11-03T00:00:00,1,32,49,1087.0,366,274,49,29,15,2000000.0
Isaiah Roby,Spurs,Forward,6-8,230,USA,1998-02-03T00:00:00,3,45,109,2385.0,987,560,178,88,71,1782621.0
Rajon Rondo,Cavaliers,Guard,6-1,180,USA,1986-02-22T00:00:00,17,21,957,28570.0,9337,4349,7584,1518,125,2641691.0
Derrick Rose,Knicks,Guard,6-2,200,USA,1988-10-04T00:00:00,13,1,672,21315.0,12230,2239,3646,521,235,13445120.0
Terrence Ross,Magic,Guard-Forward,6-6,206,USA,1991-02-05T00:00:00,10,8,670,16627.0,7525,1907,841,552,221,12500000.0
Terry Rozier,Hornets,Guard,6-1,190,USA,1994-03-17T00:00:00,7,16,477,12440.0,6039,1866,1509,440,113,17905263.0
Ricky Rubio,Cavaliers,Guard,6-2,190,Spain,1990-10-21T00:00:00,11,5,665,20128.0,7399,2760,5045,1200,88,17809524.0
D'Angelo Russell,Timberwolves,Guard,6-4,193,USA,1996-02-23T00:00:00,7,2,424,12476.0,7504,1503,2370,471,119,30013500.0
Matt Ryan,Celtics,Forward,6-7,215,USA,1997-04-17T00:00:00,1,Undrafted,1,5.0,3,0,0,1,0,
Domantas Sabonis,Kings,Forward-Center,6-11,240,Lithuania,1996-05-03T00:00:00,6,11,415,11806.0,5961,3815,1493,309,184,18562500.0
Dario Saric,Suns,Forward-Center,6-10,225,Croatia,1994-04-08T00:00:00,5,12,356,8964.0,4180,2086,699,220,79,9000000.0
Tomas Satoransky,Wizards,Guard,6-7,210,Czech Republic,1991-10-30T00:00:00,7,32,388,8616.0,2676,1117,1586,309,60,10468119.0
Jordan Schakel,Wizards,Guard,6-6,200,USA,1998-06-13T00:00:00,1,Undrafted,4,30.0,5,8,0,1,0,
Admiral Schofield,Magic,Forward,6-5,241,United Kingdom,1997-03-30T00:00:00,2,42,71,837.0,245,136,40,12,9,
Dennis Schroder,Rockets,Guard,6-1,172,Germany,1993-09-15T00:00:00,9,17,621,16448.0,8806,1829,2907,515,82,5890000.0
Jay Scrubb,Clippers,Guard,6-5,220,USA,2000-09-01T00:00:00,3,55,22,206.0,84,30,9,8,3,
Alperen Sengun,Rockets,Center,6-10,243,Turkey,2002-07-25T00:00:00,1,16,72,1489.0,692,393,185,59,68,3214680.0
Collin Sexton,Jazz,Guard,6-1,190,USA,1999-01-04T00:00:00,4,8,218,7179.0,4356,663,720,181,23,6349671.0
Landry Shamet,Suns,Guard,6-4,190,USA,1997-03-13T00:00:00,4,26,262,6094.0,2354,472,423,116,39,3768342.0
Day'Ron Sharpe,Nets,Center,6-9,265,USA,2001-11-06T00:00:00,1,29,32,391.0,198,160,17,10,15,2009040.0
Pascal Siakam,Raptors,Forward,6-8,230,Cameroon,1994-04-02T00:00:00,6,27,400,11780.0,6290,2522,1241,371,271,31320000.0
Ben Simmons,Nets,Guard-Forward,6-11,240,Australia,1996-07-20T00:00:00,4,1,275,9326.0,4382,2217,2127,464,199,31590000.0
Marko Simonovic,Bulls,Center,6-11,220,Montenegro,1999-10-15T00:00:00,1,44,9,35.0,17,10,0,1,1,925258.0
Anfernee Simons,Trail Blazers,Guard,6-3,181,USA,1999-06-08T00:00:00,4,24,211,4375.0,2144,456,420,75,24,3938818.0
Jericho Sims,Knicks,Center,6-9,250,USA,1998-10-20T00:00:00,1,58,41,555.0,90,169,21,11,22,
Javonte Smart,Heat,Guard,6-4,205,USA,1999-06-03T00:00:00,2,Undrafted,17,200.0,51,24,16,6,3,
Marcus Smart,Celtics,Guard,6-4,220,USA,1994-03-06T00:00:00,8,6,520,15484.0,5438,1866,2318,821,191,14339285.0
Ish Smith,Nuggets,Guard,6-0,175,USA,1988-07-05T00:00:00,12,Undrafted,719,14354.0,5465,1790,2799,518,186,4500000.0
Jalen Smith,Pacers,Forward-Center,6-10,215,USA,2000-03-16T00:00:00,2,10,78,1080.0,523,344,28,16,45,4458000.0
Xavier Sneed,Jazz,Forward,6-5,215,USA,1997-12-21T00:00:00,1,Undrafted,9,39.0,5,6,1,0,0,1563518.0
Tony Snell,Pelicans,Guard,6-6,213,USA,1991-11-10T00:00:00,9,20,601,13092.0,3672,1371,669,266,138,2389641.0
Jaden Springer,76ers,Guard,6-4,202,USA,2002-09-25T00:00:00,1,28,2,6.0,2,2,0,0,2,2023800.0
Nik Stauskas,Celtics,Guard,6-6,207,Canada,1993-10-07T00:00:00,7,8,343,6700.0,2290,691,515,139,80,
Lance Stephenson,Pacers,Forward,6-5,210,USA,1990-09-05T00:00:00,11,40,554,12681.0,4738,2251,1621,357,76,924730.0
Lamar Stevens,Cavaliers,Forward,6-6,230,USA,1997-07-09T00:00:00,2,Undrafted,103,1514.0,548,260,69,48,31,1517981.0
Isaiah Stewart,Pistons,Forward-Center,6-8,250,USA,2001-05-22T00:00:00,2,16,139,3270.0,1126,1070,141,61,164,3277080.0
Max Strus,Heat,Guard-Forward,6-5,215,USA,1996-03-28T00:00:00,3,Undrafted,109,2100.0,962,244,116,39,18,1669178.0
Jalen Suggs,Magic,Guard,6-5,205,USA,2001-06-03T00:00:00,1,5,48,1307.0,564,171,209,59,19,6593040.0
Jae'Sean Tate,Rockets,Forward,6-4,230,USA,1995-10-28T00:00:00,2,Undrafted,148,4099.0,1713,794,400,157,77,1517981.0
Jayson Tatum,Celtics,Forward-Guard,6-8,210,USA,1998-03-03T00:00:00,5,3,365,12183.0,7640,2420,1106,410,252,28103550.0
Terry Taylor,Pacers,Forward,6-5,230,USA,1999-09-23T00:00:00,1,Undrafted,33,714.0,318,172,41,14,8,
Garrett Temple,Pelicans,Guard-Forward,6-5,195,USA,1986-05-08T00:00:00,12,Undrafted,691,14785.0,4391,1620,1188,572,234,4910000.0
Tyrell Terry,Grizzlies,Guard,6-2,160,USA,2000-09-28T00:00:00,3,31,13,59.0,13,6,6,5,0,1517981.0
Daniel Theis,Pacers,Forward-Center,6-9,245,Germany,1992-04-04T00:00:00,5,Undrafted,306,5988.0,2317,1509,384,149,262,8372093.0
Brodric Thomas,Celtics,Guard,6-5,185,USA,1997-01-28T00:00:00,2,Undrafted,44,459.0,146,63,41,16,11,
Cam Thomas,Nets,Guard,6-3,210,Japan,2001-10-13T00:00:00,1,27,67,1176.0,570,161,78,33,8,2036280.0
Isaiah Thomas,Hornets,Guard,5-9,185,USA,1989-02-07T00:00:00,11,60,550,15563.0,9715,1320,2638,472,61,
Matt Thomas,Bulls,Guard,6-3,190,USA,1994-08-04T00:00:00,3,Undrafted,126,1226.0,502,155,61,22,4,1669178.0
Klay Thompson,Warriors,Guard,6-6,220,USA,1990-02-08T00:00:00,9,11,647,21279.0,12647,2255,1504,577,349,37980720.0
Tristan Thompson,Bulls,Center-Forward,6-9,254,Canada,1991-03-13T00:00:00,11,4,730,19556.0,6592,6120,725,364,501,9720900.0
JT Thor,Hornets,Forward,6-9,203,USA,2002-08-26T00:00:00,1,37,33,262.0,67,43,19,8,11,1250000.0
Matisse Thybulle,76ers,Guard-Forward,6-5,201,USA,1997-03-04T00:00:00,3,20,196,4271.0,939,382,217,313,189,2840160.0
Killian Tillie,Grizzlies,Forward-Center,6-9,220,France,1998-03-05T00:00:00,2,Undrafted,54,642.0,175,84,30,28,23,2000000.0
Xavier Tillman Sr.,Grizzlies,Forward,6-8,245,USA,1999-01-12T00:00:00,2,35,112,1785.0,642,417,137,93,48,1517981.0
Isaiah Todd,Wizards,Forward,6-9,219,USA,2001-10-17T00:00:00,1,31,12,74.0,20,12,4,4,2,1500000.0
Obi Toppin,Knicks,Forward,6-9,220,USA,1998-03-04T00:00:00,2,8,134,1913.0,901,406,106,42,48,5105160.0
Juan Toscano-Anderson,Lakers,Forward,6-6,209,USA,1993-04-10T00:00:00,3,Undrafted,139,2374.0,668,463,303,102,48,1701593.0
Karl-Anthony Towns,Timberwolves,Center-Forward,6-11,248,USA,1995-11-15T00:00:00,7,1,482,16471.0,11170,5465,1486,389,663,31610000.0
Gary Trent Jr.,Raptors,Guard-Forward,6-5,209,USA,1999-01-18T00:00:00,4,37,204,5692.0,2752,454,287,227,47,16000000.0
P.J. Tucker,76ers,Forward,6-5,245,USA,1985-05-05T00:00:00,11,35,777,22530.0,5536,4390,1149,887,240,7000000.0
Rayjon Tucker,Bucks,Guard,6-3,209,USA,1997-09-24T00:00:00,4,Undrafted,39,300.0,117,39,21,7,1,
Myles Turner,Pacers,Center-Forward,6-11,250,USA,1996-03-24T00:00:00,7,11,431,12379.0,5485,2879,513,311,984,18000000.0
Jonas Valanciunas,Pelicans,Center,6-11,265,Lithuania,1992-05-06T00:00:00,10,5,695,18141.0,9319,6571,824,290,702,14000000.0
Fred VanVleet,Raptors,Guard,6-1,197,USA,1994-02-25T00:00:00,6,Undrafted,348,9863.0,4755,1105,1704,439,131,19675926.0
Jarred Vanderbilt,Jazz,Forward,6-9,214,USA,1999-04-03T00:00:00,4,41,166,3136.0,892,1024,175,172,94,4259259.0
Devin Vassell,Spurs,Guard-Forward,6-5,200,USA,2000-08-23T00:00:00,2,11,133,2993.0,1213,480,192,119,59,4235160.0
Gabe Vincent,Heat,Guard,6-3,200,USA,1996-06-14T00:00:00,3,Undrafted,127,2327.0,855,187,283,88,14,1669178.0
Nikola Vucevic,Bulls,Center,6-10,260,Montenegro,1990-10-24T00:00:00,11,16,741,22869.0,12553,7731,2037,650,675,24000000.0
Dean Wade,Cavaliers,Forward-Center,6-9,228,USA,1996-11-20T00:00:00,3,Undrafted,126,2264.0,665,384,128,66,32,1782621.0
Franz Wagner,Magic,Forward,6-10,220,Germany,2001-08-27T00:00:00,1,8,79,2429.0,1197,356,231,68,34,5007840.0
Moritz Wagner,Magic,Forward-Center,6-11,245,Germany,1997-04-26T00:00:00,4,25,196,2963.0,1474,682,217,85,63,1729217.0
Ish Wainright,Suns,Forward,6-5,250,USA,1994-09-12T00:00:00,1,Undrafted,45,359.0,108,54,15,20,6,
Kemba Walker,Pistons,Guard,6-0,184,USA,1990-05-08T00:00:00,11,9,741,24666.0,14414,2815,3919,921,280,8729020.0
Lonnie Walker IV,Lakers,Guard-Forward,6-4,204,USA,1998-12-14T00:00:00,4,18,208,4240.0,1952,492,330,112,51,4447896.0
John Wall,Clippers,Guard,6-3,210,USA,1990-09-06T00:00:00,10,1,613,21832.0,11702,2612,5557,1018,427,44310840.0
T.J. Warren,Nets,Forward,6-8,220,USA,1993-09-05T00:00:00,7,14,332,9554.0,5142,1372,397,327,168,12690000.0
P.J. Washington,Hornets,Forward,6-7,230,USA,1998-08-23T00:00:00,3,12,187,5481.0,2202,1071,431,177,184,4215120.0
Duane Washington Jr.,Suns,Guard,6-3,197,Germany,2000-03-24T00:00:00,1,Undrafted,48,968.0,473,83,85,26,3,
Yuta Watanabe,Nets,Guard-Forward,6-9,215,Japan,1994-10-13T00:00:00,4,Undrafted,121,1447.0,456,302,74,46,37,1762769.0
Lindy Waters III,Thunder,Forward,6-6,215,USA,1997-07-28T00:00:00,1,Undrafted,25,465.0,199,73,24,19,8,
Trendon Watford,Trail Blazers,Forward,6-8,237,USA,2000-11-09T00:00:00,1,Undrafted,48,869.0,364,199,81,25,28,260561.0
Quinndary Weatherspoon,Warriors,Guard,6-3,205,USA,1996-09-10T00:00:00,3,49,42,272.0,88,32,24,12,4,
Russell Westbrook,Lakers,Guard,6-3,200,USA,1988-11-12T00:00:00,14,4,1021,35424.0,23298,7541,8611,1699,313,44211146.0
Coby White,Bulls,Guard,6-4,195,USA,2000-02-16T00:00:00,3,7,195,5505.0,2672,696,679,116,32,5837760.0
Derrick White,Celtics,Guard,6-4,190,USA,1994-07-02T00:00:00,5,29,263,6806.0,3027,864,1006,205,203,15178571.0
Hassan Whiteside,Jazz,Center,7-0,265,USA,1989-06-13T00:00:00,10,33,511,12646.0,6450,5523,326,271,1143,2401537.0
Joe Wieskamp,Spurs,Guard-Forward,6-6,205,USA,1999-08-23T00:00:00,1,41,29,205.0,61,14,9,4,3,
Aaron Wiggins,Thunder,Guard,6-4,190,USA,1999-01-02T00:00:00,1,55,50,1209.0,416,178,68,30,10,1000000.0
Andrew Wiggins,Warriors,Forward,6-7,197,Canada,1995-02-23T00:00:00,8,1,598,20936.0,11519,2649,1393,595,399,31579390.0
Lindell Wigginton,Bucks,Guard,6-1,189,Canada,1998-03-28T00:00:00,1,,19,199.0,80,25,23,5,1,
Brandon Williams,Trail Blazers,Guard,6-2,190,USA,1999-11-22T00:00:00,1,Undrafted,24,640.0,309,74,94,24,10,
Grant Williams,Celtics,Forward,6-6,236,USA,1998-11-30T00:00:00,3,22,209,4056.0,1133,630,210,100,117,2617800.0
Kenrich Williams,Thunder,Guard-Forward,6-6,210,USA,1994-12-02T00:00:00,4,Undrafted,200,4410.0,1304,898,400,171,67,2000000.0
Lou Williams,Hawks,Guard,6-2,175,USA,1986-10-27T00:00:00,17,45,1123,27102.0,15593,2484,3789,952,192,5000000.0
Patrick Williams,Bulls,Forward,6-7,215,USA,2001-08-26T00:00:00,2,4,88,2406.0,808,396,114,73,55,7422000.0
Ziaire Williams,Grizzlies,Forward,6-9,185,USA,2001-09-12T00:00:00,1,10,62,1346.0,501,129,65,35,12,4373160.0
Robert Williams III,Celtics,Center-Forward,6-9,237,USA,1997-10-17T00:00:00,4,27,174,3460.0,1255,1155,249,130,300,3661976.0
Zion Williamson,Pelicans,Forward,6-6,284,USA,2000-07-06T00:00:00,2,1,85,2694.0,2187,591,276,73,48,10733400.0
Dylan Windler,Cavaliers,Guard-Forward,6-6,196,USA,1996-09-22T00:00:00,2,26,81,972.0,271,196,67,33,15,2239200.0
Justise Winslow,Trail Blazers,Forward-Guard,6-6,222,USA,1996-03-26T00:00:00,7,10,315,8131.0,2633,1615,792,277,126,3902439.0
Cassius Winston,Wizards,Guard,6-1,185,USA,1998-02-28T00:00:00,3,53,29,137.0,55,10,19,2,1,
James Wiseman,Warriors,Center,7-0,240,USA,2001-03-31T00:00:00,1,2,39,836.0,448,226,26,11,36,9166800.0
Christian Wood,Mavericks,Forward,6-9,214,USA,1995-09-27T00:00:00,6,Undrafted,222,5246.0,3156,1621,299,137,190,13666667.0
Robert Woodard II,Spurs,Forward,6-6,235,USA,1999-09-22T00:00:00,2,40,25,88.0,27,27,5,1,4,1517981.0
Delon Wright,Wizards,Guard,6-5,185,USA,1992-04-26T00:00:00,7,20,411,8577.0,2952,1318,1246,474,148,8526316.0
Moses Wright,Mavericks,Forward,6-8,226,USA,1998-12-23T00:00:00,1,Undrafted,4,15.0,5,3,2,0,1,
McKinley Wright IV,Mavericks,Guard,5-11,192,USA,1998-10-25T00:00:00,1,Undrafted,5,19.0,5,0,3,0,0,
Gabe York,Pacers,Guard,6-3,190,USA,1993-08-02T00:00:00,2,Undrafted,2,21.0,8,2,4,2,1,
Thaddeus Young,Raptors,Forward,6-8,235,USA,1988-06-21T00:00:00,15,12,1085,31778.0,13848,6345,2003,1535,448,14190000.0
Trae Young,Hawks,Guard,6-1,164,USA,1998-09-19T00:00:00,4,5,280,9400.0,7076,1085,2544,262,42,8326471.0
Omer Yurtseven,Heat,Center,6-11,275,Turkey,1998-06-19T00:00:00,1,Undrafted,56,706.0,299,294,49,17,20,1489065.0
Ivica Zubac,Clippers,Center,7-0,240,Croatia,1997-03-18T00:00:00,6,32,360,6844.0,3001,2350,410,112,304,7518518.0
